outfit_id,outfit_type,num_items,item_1_id,item_1_category,item_2_id,item_2_category,item_3_id,item_3_category,item_4_id,item_4_category,item_5_id,item_5_category
OUTFIT00000,Smart-Casual,4,BOSS00146,Shirts,BOSS00344,Pants,BOSS00609,Shoes,BOSS00804,Belts,,
OUTFIT00001,Business,5,BOSS00286,Blazers,BOSS00169,Shirts,BOSS00641,Shoes,BOSS00803,Belts,BOSS00763,Ties
OUTFIT00002,Business,4,BOSS00267,Blazers,BOSS00170,Shirts,BOSS00616,Shoes,BOSS00843,Belts,,
OUTFIT00003,Smart-Casual,3,BOSS00248,Blazers,BOSS00339,Pants,BOSS00607,Shoes,,,,
OUTFIT00004,Casual,3,BOSS00079,T-Shirts,BOSS00443,Jeans,BOSS00338,Pants,,,,
OUTFIT00005,Formal,4,BOSS00267,Blazers,BOSS00404,Trousers,BOSS00187,Shirts,BOSS00634,Shoes,,
OUTFIT00006,Smart-Casual,4,BOSS00208,Shirts,BOSS00292,Pants,BOSS00601,Shoes,BOSS00812,Belts,,
OUTFIT00007,Smart-Casual,4,BOSS00168,Shirts,BOSS00338,Pants,BOSS00585,Shoes,BOSS00830,Belts,,
OUTFIT00008,Formal,4,BOSS00268,Blazers,BOSS00389,Trousers,BOSS00181,Shirts,BOSS00606,Shoes,,
OUTFIT00009,Smart-Casual,3,BOSS00228,Blazers,BOSS00328,Pants,BOSS00642,Shoes,,,,
OUTFIT00010,Formal,4,BOSS00232,Blazers,BOSS00396,Trousers,BOSS00211,Shirts,BOSS00636,Shoes,,
OUTFIT00011,Formal,4,BOSS00228,Blazers,BOSS00417,Trousers,BOSS00151,Shirts,BOSS00619,Shoes,,
OUTFIT00012,Smart-Casual,3,BOSS00267,Blazers,BOSS00338,Pants,BOSS00616,Shoes,,,,
OUTFIT00013,Casual,4,BOSS00056,Hoodies,BOSS00455,Jeans,BOSS00326,Pants,BOSS00595,Shoes,,
OUTFIT00014,Business,5,BOSS00281,Blazers,BOSS00173,Shirts,BOSS00581,Shoes,BOSS00840,Belts,BOSS00761,Ties
OUTFIT00015,Casual,3,BOSS00045,Hoodies,BOSS00457,Jeans,BOSS00335,Pants,,,,
OUTFIT00016,Smart-Casual,3,BOSS00172,Shirts,BOSS00326,Pants,BOSS00641,Shoes,,,,
OUTFIT00017,Business,5,BOSS00430,Trousers,BOSS00215,Shirts,BOSS00581,Shoes,BOSS00847,Belts,BOSS00785,Ties
OUTFIT00018,Formal,4,BOSS00279,Blazers,BOSS00361,Trousers,BOSS00165,Shirts,BOSS00609,Shoes,,
OUTFIT00019,Business,4,BOSS00272,Blazers,BOSS00194,Shirts,BOSS00604,Shoes,BOSS00817,Belts,,
OUTFIT00020,Formal,4,BOSS00223,Blazers,BOSS00411,Trousers,BOSS00177,Shirts,BOSS00593,Shoes,,
OUTFIT00021,Business,5,BOSS00428,Trousers,BOSS00192,Shirts,BOSS00592,Shoes,BOSS00836,Belts,BOSS00749,Ties
OUTFIT00022,Formal,5,BOSS00233,Blazers,BOSS00368,Trousers,BOSS00213,Shirts,BOSS00589,Shoes,BOSS00806,Belts
OUTFIT00023,Casual,4,BOSS00042,Hoodies,BOSS00440,Jeans,BOSS00356,Pants,BOSS00602,Shoes,,
OUTFIT00024,Smart-Casual,3,BOSS00195,Shirts,BOSS00317,Pants,BOSS00614,Shoes,,,,
OUTFIT00025,Business,5,BOSS00235,Blazers,BOSS00178,Shirts,BOSS00614,Shoes,BOSS00821,Belts,BOSS00749,Ties
OUTFIT00026,Smart-Casual,3,BOSS00152,Shirts,BOSS00351,Pants,BOSS00600,Shoes,,,,
OUTFIT00027,Formal,5,BOSS00242,Blazers,BOSS00421,Trousers,BOSS00147,Shirts,BOSS00611,Shoes,BOSS00781,Ties
OUTFIT00028,Smart-Casual,4,BOSS00239,Blazers,BOSS00296,Pants,BOSS00618,Shoes,BOSS00824,Belts,,
OUTFIT00029,Formal,4,BOSS00226,Blazers,BOSS00411,Trousers,BOSS00163,Shirts,BOSS00628,Shoes,,
OUTFIT00030,Business,5,BOSS00288,Blazers,BOSS00184,Shirts,BOSS00622,Shoes,BOSS00826,Belts,BOSS00773,Ties
OUTFIT00031,Smart-Casual,4,BOSS00266,Blazers,BOSS00298,Pants,BOSS00629,Shoes,BOSS00816,Belts,,
OUTFIT00032,Smart-Casual,4,BOSS00175,Shirts,BOSS00329,Pants,BOSS00577,Shoes,BOSS00847,Belts,,
OUTFIT00033,Casual,4,BOSS00106,T-Shirts,BOSS00484,Jeans,BOSS00354,Pants,BOSS00636,Shoes,,
OUTFIT00034,Smart-Casual,3,BOSS00222,Blazers,BOSS00338,Pants,BOSS00616,Shoes,,,,
OUTFIT00035,Formal,4,BOSS00228,Blazers,BOSS00385,Trousers,BOSS00170,Shirts,BOSS00606,Shoes,,
OUTFIT00036,Smart-Casual,3,BOSS00203,Shirts,BOSS00324,Pants,BOSS00633,Shoes,,,,
OUTFIT00037,Smart-Casual,4,BOSS00196,Shirts,BOSS00339,Pants,BOSS00592,Shoes,BOSS00803,Belts,,
OUTFIT00038,Formal,5,BOSS00264,Blazers,BOSS00430,Trousers,BOSS00192,Shirts,BOSS00619,Shoes,BOSS00725,Ties
OUTFIT00039,Smart-Casual,3,BOSS00224,Blazers,BOSS00347,Pants,BOSS00611,Shoes,,,,
OUTFIT00040,Formal,4,BOSS00265,Blazers,BOSS00397,Trousers,BOSS00151,Shirts,BOSS00601,Shoes,,
OUTFIT00041,Formal,4,BOSS00258,Blazers,BOSS00385,Trousers,BOSS00148,Shirts,BOSS00584,Shoes,,
OUTFIT00042,Formal,5,BOSS00273,Blazers,BOSS00397,Trousers,BOSS00213,Shirts,BOSS00589,Shoes,BOSS00738,Ties
OUTFIT00043,Business,5,BOSS00392,Trousers,BOSS00165,Shirts,BOSS00622,Shoes,BOSS00788,Belts,BOSS00755,Ties
OUTFIT00044,Casual,3,BOSS00061,Hoodies,BOSS00434,Jeans,BOSS00342,Pants,,,,
OUTFIT00045,Smart-Casual,4,BOSS00254,Blazers,BOSS00340,Pants,BOSS00629,Shoes,BOSS00795,Belts,,
OUTFIT00046,Formal,5,BOSS00235,Blazers,BOSS00425,Trousers,BOSS00179,Shirts,BOSS00639,Shoes,BOSS00781,Ties
OUTFIT00047,Formal,4,BOSS00253,Blazers,BOSS00416,Trousers,BOSS00200,Shirts,BOSS00589,Shoes,,
OUTFIT00048,Smart-Casual,3,BOSS00276,Blazers,BOSS00305,Pants,BOSS00609,Shoes,,,,
OUTFIT00049,Formal,4,BOSS00222,Blazers,BOSS00378,Trousers,BOSS00158,Shirts,BOSS00611,Shoes,,
OUTFIT00050,Smart-Casual,3,BOSS00273,Blazers,BOSS00338,Pants,BOSS00636,Shoes,,,,
OUTFIT00051,Smart-Casual,3,BOSS00206,Shirts,BOSS00296,Pants,BOSS00585,Shoes,,,,
OUTFIT00052,Casual,4,BOSS00106,T-Shirts,BOSS00467,Jeans,BOSS00355,Pants,BOSS00580,Shoes,,
OUTFIT00053,Business,5,BOSS00274,Blazers,BOSS00158,Shirts,BOSS00617,Shoes,BOSS00819,Belts,BOSS00780,Ties
OUTFIT00054,Business,5,BOSS00250,Blazers,BOSS00167,Shirts,BOSS00593,Shoes,BOSS00789,Belts,BOSS00780,Ties
OUTFIT00055,Business,4,BOSS00228,Blazers,BOSS00213,Shirts,BOSS00633,Shoes,BOSS00814,Belts,,
OUTFIT00056,Business,5,BOSS00416,Trousers,BOSS00213,Shirts,BOSS00601,Shoes,BOSS00820,Belts,BOSS00785,Ties
OUTFIT00057,Smart-Casual,3,BOSS00155,Shirts,BOSS00306,Pants,BOSS00584,Shoes,,,,
OUTFIT00058,Formal,5,BOSS00273,Blazers,BOSS00395,Trousers,BOSS00192,Shirts,BOSS00589,Shoes,BOSS00790,Belts
OUTFIT00059,Smart-Casual,3,BOSS00285,Blazers,BOSS00346,Pants,BOSS00630,Shoes,,,,
OUTFIT00060,Smart-Casual,4,BOSS00199,Shirts,BOSS00324,Pants,BOSS00632,Shoes,BOSS00854,Belts,,
OUTFIT00061,Business,5,BOSS00416,Trousers,BOSS00216,Shirts,BOSS00604,Shoes,BOSS00820,Belts,BOSS00750,Ties
OUTFIT00062,Smart-Casual,3,BOSS00262,Blazers,BOSS00348,Pants,BOSS00622,Shoes,,,,
OUTFIT00063,Casual,4,BOSS00026,Hoodies,BOSS00451,Jeans,BOSS00333,Pants,BOSS00579,Shoes,,
OUTFIT00064,Casual,3,BOSS00001,Hoodies,BOSS00496,Jeans,BOSS00298,Pants,,,,
OUTFIT00065,Smart-Casual,4,BOSS00279,Blazers,BOSS00338,Pants,BOSS00637,Shoes,BOSS00794,Belts,,
OUTFIT00066,Business,5,BOSS00387,Trousers,BOSS00160,Shirts,BOSS00608,Shoes,BOSS00836,Belts,BOSS00755,Ties
OUTFIT00067,Formal,4,BOSS00225,Blazers,BOSS00431,Trousers,BOSS00152,Shirts,BOSS00622,Shoes,,
OUTFIT00068,Casual,4,BOSS00122,T-Shirts,BOSS00462,Jeans,BOSS00344,Pants,BOSS00617,Shoes,,
OUTFIT00069,Business,5,BOSS00286,Blazers,BOSS00201,Shirts,BOSS00641,Shoes,BOSS00801,Belts,BOSS00738,Ties
OUTFIT00070,Formal,5,BOSS00277,Blazers,BOSS00391,Trousers,BOSS00156,Shirts,BOSS00617,Shoes,BOSS00756,Ties
OUTFIT00071,Formal,4,BOSS00273,Blazers,BOSS00411,Trousers,BOSS00213,Shirts,BOSS00628,Shoes,,
OUTFIT00072,Casual,3,BOSS00091,T-Shirts,BOSS00467,Jeans,BOSS00340,Pants,,,,
OUTFIT00073,Business,5,BOSS00221,Blazers,BOSS00167,Shirts,BOSS00604,Shoes,BOSS00821,Belts,BOSS00762,Ties
OUTFIT00074,Business,4,BOSS00399,Trousers,BOSS00213,Shirts,BOSS00579,Shoes,BOSS00836,Belts,,
OUTFIT00075,Business,4,BOSS00238,Blazers,BOSS00208,Shirts,BOSS00632,Shoes,BOSS00831,Belts,,
OUTFIT00076,Business,5,BOSS00413,Trousers,BOSS00167,Shirts,BOSS00644,Shoes,BOSS00847,Belts,BOSS00775,Ties
OUTFIT00077,Smart-Casual,4,BOSS00161,Shirts,BOSS00294,Pants,BOSS00588,Shoes,BOSS00819,Belts,,
OUTFIT00078,Business,4,BOSS00233,Blazers,BOSS00145,Shirts,BOSS00600,Shoes,BOSS00837,Belts,,
OUTFIT00079,Business,4,BOSS00408,Trousers,BOSS00201,Shirts,BOSS00599,Shoes,BOSS00820,Belts,,
OUTFIT00080,Smart-Casual,4,BOSS00173,Shirts,BOSS00310,Pants,BOSS00637,Shoes,BOSS00825,Belts,,
OUTFIT00081,Smart-Casual,4,BOSS00165,Shirts,BOSS00345,Pants,BOSS00585,Shoes,BOSS00809,Belts,,
OUTFIT00082,Business,4,BOSS00423,Trousers,BOSS00178,Shirts,BOSS00609,Shoes,BOSS00853,Belts,,
OUTFIT00083,Smart-Casual,4,BOSS00163,Shirts,BOSS00339,Pants,BOSS00588,Shoes,BOSS00796,Belts,,
OUTFIT00084,Business,4,BOSS00232,Blazers,BOSS00145,Shirts,BOSS00595,Shoes,BOSS00792,Belts,,
OUTFIT00085,Smart-Casual,4,BOSS00240,Blazers,BOSS00353,Pants,BOSS00586,Shoes,BOSS00858,Belts,,
OUTFIT00086,Business,5,BOSS00400,Trousers,BOSS00210,Shirts,BOSS00584,Shoes,BOSS00789,Belts,BOSS00769,Ties
OUTFIT00087,Casual,4,BOSS00016,Hoodies,BOSS00467,Jeans,BOSS00332,Pants,BOSS00603,Shoes,,
OUTFIT00088,Casual,4,BOSS00072,Hoodies,BOSS00449,Jeans,BOSS00351,Pants,BOSS00636,Shoes,,
OUTFIT00089,Formal,5,BOSS00276,Blazers,BOSS00372,Trousers,BOSS00216,Shirts,BOSS00636,Shoes,BOSS00805,Belts
OUTFIT00090,Casual,3,BOSS00035,Hoodies,BOSS00447,Jeans,BOSS00325,Pants,,,,
OUTFIT00091,Formal,5,BOSS00271,Blazers,BOSS00384,Trousers,BOSS00158,Shirts,BOSS00607,Shoes,BOSS00818,Belts
OUTFIT00092,Formal,4,BOSS00247,Blazers,BOSS00377,Trousers,BOSS00190,Shirts,BOSS00586,Shoes,,
OUTFIT00093,Business,5,BOSS00411,Trousers,BOSS00185,Shirts,BOSS00631,Shoes,BOSS00803,Belts,BOSS00780,Ties
OUTFIT00094,Casual,3,BOSS00001,Hoodies,BOSS00436,Jeans,BOSS00299,Pants,,,,
OUTFIT00095,Formal,5,BOSS00223,Blazers,BOSS00368,Trousers,BOSS00158,Shirts,BOSS00622,Shoes,BOSS00851,Belts
OUTFIT00096,Smart-Casual,4,BOSS00182,Shirts,BOSS00325,Pants,BOSS00619,Shoes,BOSS00811,Belts,,
OUTFIT00097,Casual,3,BOSS00144,T-Shirts,BOSS00480,Jeans,BOSS00338,Pants,,,,
OUTFIT00098,Smart-Casual,3,BOSS00178,Shirts,BOSS00303,Pants,BOSS00639,Shoes,,,,
OUTFIT00099,Business,4,BOSS00263,Blazers,BOSS00151,Shirts,BOSS00589,Shoes,BOSS00829,Belts,,
OUTFIT00100,Formal,4,BOSS00246,Blazers,BOSS00382,Trousers,BOSS00175,Shirts,BOSS00624,Shoes,,
OUTFIT00101,Business,4,BOSS00236,Blazers,BOSS00147,Shirts,BOSS00583,Shoes,BOSS00799,Belts,,
OUTFIT00102,Smart-Casual,3,BOSS00236,Blazers,BOSS00319,Pants,BOSS00617,Shoes,,,,
OUTFIT00103,Casual,3,BOSS00053,Hoodies,BOSS00446,Jeans,BOSS00324,Pants,,,,
OUTFIT00104,Casual,3,BOSS00113,T-Shirts,BOSS00465,Jeans,BOSS00310,Pants,,,,
OUTFIT00105,Business,4,BOSS00411,Trousers,BOSS00210,Shirts,BOSS00607,Shoes,BOSS00790,Belts,,
OUTFIT00106,Smart-Casual,4,BOSS00222,Blazers,BOSS00329,Pants,BOSS00579,Shoes,BOSS00802,Belts,,
OUTFIT00107,Casual,4,BOSS00106,T-Shirts,BOSS00462,Jeans,BOSS00326,Pants,BOSS00576,Shoes,,
OUTFIT00108,Smart-Casual,3,BOSS00188,Shirts,BOSS00295,Pants,BOSS00645,Shoes,,,,
OUTFIT00109,Formal,5,BOSS00232,Blazers,BOSS00396,Trousers,BOSS00209,Shirts,BOSS00576,Shoes,BOSS00755,Ties
OUTFIT00110,Casual,4,BOSS00129,T-Shirts,BOSS00436,Jeans,BOSS00293,Pants,BOSS00581,Shoes,,
OUTFIT00111,Casual,4,BOSS00110,T-Shirts,BOSS00478,Jeans,BOSS00340,Pants,BOSS00641,Shoes,,
OUTFIT00112,Casual,3,BOSS00066,Hoodies,BOSS00491,Jeans,BOSS00303,Pants,,,,
OUTFIT00113,Casual,3,BOSS00139,T-Shirts,BOSS00448,Jeans,BOSS00346,Pants,,,,
OUTFIT00114,Business,5,BOSS00409,Trousers,BOSS00174,Shirts,BOSS00601,Shoes,BOSS00800,Belts,BOSS00778,Ties
OUTFIT00115,Smart-Casual,3,BOSS00232,Blazers,BOSS00314,Pants,BOSS00641,Shoes,,,,
OUTFIT00116,Business,5,BOSS00272,Blazers,BOSS00215,Shirts,BOSS00619,Shoes,BOSS00855,Belts,BOSS00739,Ties
OUTFIT00117,Formal,4,BOSS00217,Blazers,BOSS00405,Trousers,BOSS00191,Shirts,BOSS00629,Shoes,,
OUTFIT00118,Formal,5,BOSS00220,Blazers,BOSS00411,Trousers,BOSS00205,Shirts,BOSS00601,Shoes,BOSS00847,Belts
OUTFIT00119,Casual,3,BOSS00091,T-Shirts,BOSS00480,Jeans,BOSS00350,Pants,,,,
OUTFIT00120,Casual,3,BOSS00036,Hoodies,BOSS00469,Jeans,BOSS00292,Pants,,,,
OUTFIT00121,Business,5,BOSS00258,Blazers,BOSS00174,Shirts,BOSS00601,Shoes,BOSS00819,Belts,BOSS00733,Ties
OUTFIT00122,Casual,4,BOSS00123,T-Shirts,BOSS00465,Jeans,BOSS00355,Pants,BOSS00578,Shoes,,
OUTFIT00123,Formal,4,BOSS00217,Blazers,BOSS00415,Trousers,BOSS00155,Shirts,BOSS00592,Shoes,,
OUTFIT00124,Casual,3,BOSS00013,Hoodies,BOSS00465,Jeans,BOSS00348,Pants,,,,
OUTFIT00125,Casual,3,BOSS00126,T-Shirts,BOSS00479,Jeans,BOSS00329,Pants,,,,
OUTFIT00126,Formal,4,BOSS00236,Blazers,BOSS00377,Trousers,BOSS00166,Shirts,BOSS00618,Shoes,,
OUTFIT00127,Formal,5,BOSS00241,Blazers,BOSS00366,Trousers,BOSS00148,Shirts,BOSS00576,Shoes,BOSS00744,Ties
OUTFIT00128,Smart-Casual,4,BOSS00181,Shirts,BOSS00311,Pants,BOSS00609,Shoes,BOSS00835,Belts,,
OUTFIT00129,Formal,5,BOSS00226,Blazers,BOSS00387,Trousers,BOSS00199,Shirts,BOSS00635,Shoes,BOSS00820,Belts
OUTFIT00130,Formal,4,BOSS00236,Blazers,BOSS00382,Trousers,BOSS00181,Shirts,BOSS00615,Shoes,,
OUTFIT00131,Business,4,BOSS00391,Trousers,BOSS00159,Shirts,BOSS00588,Shoes,BOSS00806,Belts,,
OUTFIT00132,Business,4,BOSS00411,Trousers,BOSS00186,Shirts,BOSS00633,Shoes,BOSS00789,Belts,,
OUTFIT00133,Smart-Casual,3,BOSS00227,Blazers,BOSS00349,Pants,BOSS00613,Shoes,,,,
OUTFIT00134,Business,4,BOSS00365,Trousers,BOSS00169,Shirts,BOSS00628,Shoes,BOSS00815,Belts,,
OUTFIT00135,Business,4,BOSS00421,Trousers,BOSS00171,Shirts,BOSS00604,Shoes,BOSS00798,Belts,,
OUTFIT00136,Business,5,BOSS00263,Blazers,BOSS00148,Shirts,BOSS00579,Shoes,BOSS00798,Belts,BOSS00764,Ties
OUTFIT00137,Smart-Casual,3,BOSS00180,Shirts,BOSS00342,Pants,BOSS00611,Shoes,,,,
OUTFIT00138,Formal,4,BOSS00243,Blazers,BOSS00430,Trousers,BOSS00214,Shirts,BOSS00581,Shoes,,
OUTFIT00139,Casual,4,BOSS00030,Hoodies,BOSS00455,Jeans,BOSS00329,Pants,BOSS00601,Shoes,,
OUTFIT00140,Business,5,BOSS00374,Trousers,BOSS00180,Shirts,BOSS00632,Shoes,BOSS00823,Belts,BOSS00734,Ties
OUTFIT00141,Smart-Casual,4,BOSS00211,Shirts,BOSS00309,Pants,BOSS00623,Shoes,BOSS00828,Belts,,
OUTFIT00142,Business,4,BOSS00235,Blazers,BOSS00172,Shirts,BOSS00619,Shoes,BOSS00809,Belts,,
OUTFIT00143,Smart-Casual,4,BOSS00227,Blazers,BOSS00309,Pants,BOSS00614,Shoes,BOSS00817,Belts,,
OUTFIT00144,Business,5,BOSS00389,Trousers,BOSS00167,Shirts,BOSS00626,Shoes,BOSS00824,Belts,BOSS00764,Ties
OUTFIT00145,Casual,3,BOSS00083,T-Shirts,BOSS00467,Jeans,BOSS00324,Pants,,,,
OUTFIT00146,Formal,5,BOSS00280,Blazers,BOSS00421,Trousers,BOSS00167,Shirts,BOSS00619,Shoes,BOSS00782,Ties
OUTFIT00147,Smart-Casual,3,BOSS00169,Shirts,BOSS00342,Pants,BOSS00584,Shoes,,,,
OUTFIT00148,Formal,4,BOSS00254,Blazers,BOSS00373,Trousers,BOSS00213,Shirts,BOSS00644,Shoes,,
OUTFIT00149,Formal,4,BOSS00276,Blazers,BOSS00423,Trousers,BOSS00207,Shirts,BOSS00601,Shoes,,
OUTFIT00150,Casual,3,BOSS00035,Hoodies,BOSS00503,Jeans,BOSS00335,Pants,,,,
OUTFIT00151,Business,5,BOSS00361,Trousers,BOSS00216,Shirts,BOSS00589,Shoes,BOSS00792,Belts,BOSS00719,Ties
OUTFIT00152,Casual,4,BOSS00100,T-Shirts,BOSS00494,Jeans,BOSS00315,Pants,BOSS00645,Shoes,,
OUTFIT00153,Smart-Casual,3,BOSS00193,Shirts,BOSS00308,Pants,BOSS00632,Shoes,,,,
OUTFIT00154,Business,4,BOSS00223,Blazers,BOSS00186,Shirts,BOSS00643,Shoes,BOSS00827,Belts,,
OUTFIT00155,Smart-Casual,4,BOSS00209,Shirts,BOSS00333,Pants,BOSS00589,Shoes,BOSS00822,Belts,,
OUTFIT00156,Formal,4,BOSS00286,Blazers,BOSS00373,Trousers,BOSS00188,Shirts,BOSS00619,Shoes,,
OUTFIT00157,Formal,4,BOSS00261,Blazers,BOSS00384,Trousers,BOSS00148,Shirts,BOSS00594,Shoes,,
OUTFIT00158,Casual,4,BOSS00134,T-Shirts,BOSS00477,Jeans,BOSS00345,Pants,BOSS00641,Shoes,,
OUTFIT00159,Formal,4,BOSS00224,Blazers,BOSS00415,Trousers,BOSS00151,Shirts,BOSS00601,Shoes,,
OUTFIT00160,Casual,3,BOSS00043,Hoodies,BOSS00440,Jeans,BOSS00292,Pants,,,,
OUTFIT00161,Formal,4,BOSS00268,Blazers,BOSS00400,Trousers,BOSS00196,Shirts,BOSS00589,Shoes,,
OUTFIT00162,Smart-Casual,4,BOSS00187,Shirts,BOSS00329,Pants,BOSS00583,Shoes,BOSS00808,Belts,,
OUTFIT00163,Formal,5,BOSS00283,Blazers,BOSS00412,Trousers,BOSS00206,Shirts,BOSS00613,Shoes,BOSS00856,Belts
OUTFIT00164,Casual,3,BOSS00049,Hoodies,BOSS00451,Jeans,BOSS00333,Pants,,,,
OUTFIT00165,Smart-Casual,3,BOSS00268,Blazers,BOSS00295,Pants,BOSS00584,Shoes,,,,
OUTFIT00166,Business,4,BOSS00406,Trousers,BOSS00190,Shirts,BOSS00591,Shoes,BOSS00846,Belts,,
OUTFIT00167,Casual,3,BOSS00144,T-Shirts,BOSS00473,Jeans,BOSS00340,Pants,,,,
OUTFIT00168,Formal,5,BOSS00241,Blazers,BOSS00416,Trousers,BOSS00166,Shirts,BOSS00587,Shoes,BOSS00809,Belts
OUTFIT00169,Smart-Casual,4,BOSS00168,Shirts,BOSS00345,Pants,BOSS00627,Shoes,BOSS00835,Belts,,
OUTFIT00170,Casual,4,BOSS00079,T-Shirts,BOSS00478,Jeans,BOSS00304,Pants,BOSS00619,Shoes,,
OUTFIT00171,Casual,4,BOSS00114,T-Shirts,BOSS00462,Jeans,BOSS00354,Pants,BOSS00622,Shoes,,
OUTFIT00172,Business,4,BOSS00221,Blazers,BOSS00189,Shirts,BOSS00615,Shoes,BOSS00835,Belts,,
OUTFIT00173,Casual,4,BOSS00009,Hoodies,BOSS00440,Jeans,BOSS00326,Pants,BOSS00596,Shoes,,
OUTFIT00174,Casual,3,BOSS00085,T-Shirts,BOSS00492,Jeans,BOSS00320,Pants,,,,
OUTFIT00175,Business,5,BOSS00366,Trousers,BOSS00211,Shirts,BOSS00589,Shoes,BOSS00846,Belts,BOSS00771,Ties
OUTFIT00176,Casual,4,BOSS00052,Hoodies,BOSS00437,Jeans,BOSS00358,Pants,BOSS00592,Shoes,,
OUTFIT00177,Formal,5,BOSS00250,Blazers,BOSS00426,Trousers,BOSS00145,Shirts,BOSS00590,Shoes,BOSS00728,Ties
OUTFIT00178,Casual,3,BOSS00130,T-Shirts,BOSS00479,Jeans,BOSS00329,Pants,,,,
OUTFIT00179,Business,4,BOSS00402,Trousers,BOSS00193,Shirts,BOSS00620,Shoes,BOSS00814,Belts,,
OUTFIT00180,Casual,3,BOSS00072,Hoodies,BOSS00492,Jeans,BOSS00329,Pants,,,,
OUTFIT00181,Business,5,BOSS00391,Trousers,BOSS00178,Shirts,BOSS00583,Shoes,BOSS00836,Belts,BOSS00754,Ties
OUTFIT00182,Smart-Casual,4,BOSS00212,Shirts,BOSS00314,Pants,BOSS00638,Shoes,BOSS00836,Belts,,
OUTFIT00183,Business,5,BOSS00374,Trousers,BOSS00160,Shirts,BOSS00589,Shoes,BOSS00815,Belts,BOSS00769,Ties
OUTFIT00184,Smart-Casual,3,BOSS00268,Blazers,BOSS00294,Pants,BOSS00588,Shoes,,,,
OUTFIT00185,Casual,3,BOSS00012,Hoodies,BOSS00479,Jeans,BOSS00296,Pants,,,,
OUTFIT00186,Formal,4,BOSS00283,Blazers,BOSS00410,Trousers,BOSS00213,Shirts,BOSS00638,Shoes,,
OUTFIT00187,Formal,5,BOSS00252,Blazers,BOSS00405,Trousers,BOSS00191,Shirts,BOSS00591,Shoes,BOSS00805,Belts
OUTFIT00188,Casual,4,BOSS00100,T-Shirts,BOSS00451,Jeans,BOSS00297,Pants,BOSS00592,Shoes,,
OUTFIT00189,Business,4,BOSS00275,Blazers,BOSS00172,Shirts,BOSS00586,Shoes,BOSS00807,Belts,,
OUTFIT00190,Formal,4,BOSS00288,Blazers,BOSS00386,Trousers,BOSS00211,Shirts,BOSS00623,Shoes,,
OUTFIT00191,Smart-Casual,4,BOSS00230,Blazers,BOSS00359,Pants,BOSS00614,Shoes,BOSS00837,Belts,,
OUTFIT00192,Casual,3,BOSS00030,Hoodies,BOSS00455,Jeans,BOSS00338,Pants,,,,
OUTFIT00193,Smart-Casual,4,BOSS00254,Blazers,BOSS00306,Pants,BOSS00601,Shoes,BOSS00803,Belts,,
OUTFIT00194,Casual,4,BOSS00060,Hoodies,BOSS00477,Jeans,BOSS00317,Pants,BOSS00637,Shoes,,
OUTFIT00195,Smart-Casual,4,BOSS00153,Shirts,BOSS00323,Pants,BOSS00590,Shoes,BOSS00796,Belts,,
OUTFIT00196,Smart-Casual,3,BOSS00203,Shirts,BOSS00325,Pants,BOSS00644,Shoes,,,,
OUTFIT00197,Smart-Casual,3,BOSS00244,Blazers,BOSS00309,Pants,BOSS00585,Shoes,,,,
OUTFIT00198,Business,5,BOSS00268,Blazers,BOSS00176,Shirts,BOSS00641,Shoes,BOSS00838,Belts,BOSS00780,Ties
OUTFIT00199,Casual,3,BOSS00048,Hoodies,BOSS00487,Jeans,BOSS00357,Pants,,,,
OUTFIT00200,Casual,3,BOSS00055,Hoodies,BOSS00492,Jeans,BOSS00303,Pants,,,,
OUTFIT00201,Smart-Casual,4,BOSS00197,Shirts,BOSS00328,Pants,BOSS00609,Shoes,BOSS00790,Belts,,
OUTFIT00202,Formal,5,BOSS00265,Blazers,BOSS00417,Trousers,BOSS00180,Shirts,BOSS00592,Shoes,BOSS00755,Ties
OUTFIT00203,Business,5,BOSS00362,Trousers,BOSS00156,Shirts,BOSS00585,Shoes,BOSS00850,Belts,BOSS00723,Ties
OUTFIT00204,Business,5,BOSS00404,Trousers,BOSS00178,Shirts,BOSS00623,Shoes,BOSS00816,Belts,BOSS00743,Ties
OUTFIT00205,Formal,4,BOSS00279,Blazers,BOSS00430,Trousers,BOSS00207,Shirts,BOSS00601,Shoes,,
OUTFIT00206,Smart-Casual,4,BOSS00191,Shirts,BOSS00323,Pants,BOSS00587,Shoes,BOSS00828,Belts,,
OUTFIT00207,Business,5,BOSS00219,Blazers,BOSS00153,Shirts,BOSS00592,Shoes,BOSS00854,Belts,BOSS00755,Ties
OUTFIT00208,Smart-Casual,4,BOSS00272,Blazers,BOSS00324,Pants,BOSS00611,Shoes,BOSS00841,Belts,,
OUTFIT00209,Business,5,BOSS00273,Blazers,BOSS00167,Shirts,BOSS00588,Shoes,BOSS00854,Belts,BOSS00723,Ties
OUTFIT00210,Casual,4,BOSS00012,Hoodies,BOSS00451,Jeans,BOSS00319,Pants,BOSS00580,Shoes,,
OUTFIT00211,Formal,5,BOSS00271,Blazers,BOSS00391,Trousers,BOSS00188,Shirts,BOSS00638,Shoes,BOSS00740,Ties
OUTFIT00212,Business,4,BOSS00274,Blazers,BOSS00151,Shirts,BOSS00638,Shoes,BOSS00818,Belts,,
OUTFIT00213,Formal,5,BOSS00269,Blazers,BOSS00391,Trousers,BOSS00159,Shirts,BOSS00638,Shoes,BOSS00721,Ties
OUTFIT00214,Smart-Casual,3,BOSS00265,Blazers,BOSS00345,Pants,BOSS00615,Shoes,,,,
OUTFIT00215,Casual,3,BOSS00079,T-Shirts,BOSS00469,Jeans,BOSS00296,Pants,,,,
OUTFIT00216,Business,5,BOSS00377,Trousers,BOSS00148,Shirts,BOSS00585,Shoes,BOSS00807,Belts,BOSS00765,Ties
OUTFIT00217,Casual,3,BOSS00095,T-Shirts,BOSS00449,Jeans,BOSS00339,Pants,,,,
OUTFIT00218,Business,4,BOSS00388,Trousers,BOSS00148,Shirts,BOSS00619,Shoes,BOSS00821,Belts,,
OUTFIT00219,Smart-Casual,3,BOSS00270,Blazers,BOSS00335,Pants,BOSS00583,Shoes,,,,
OUTFIT00220,Formal,5,BOSS00271,Blazers,BOSS00389,Trousers,BOSS00211,Shirts,BOSS00610,Shoes,BOSS00717,Ties
OUTFIT00221,Formal,4,BOSS00248,Blazers,BOSS00426,Trousers,BOSS00148,Shirts,BOSS00633,Shoes,,
OUTFIT00222,Smart-Casual,4,BOSS00176,Shirts,BOSS00355,Pants,BOSS00609,Shoes,BOSS00807,Belts,,
OUTFIT00223,Business,5,BOSS00429,Trousers,BOSS00210,Shirts,BOSS00592,Shoes,BOSS00811,Belts,BOSS00775,Ties
OUTFIT00224,Casual,3,BOSS00105,T-Shirts,BOSS00443,Jeans,BOSS00292,Pants,,,,
OUTFIT00225,Smart-Casual,3,BOSS00230,Blazers,BOSS00354,Pants,BOSS00621,Shoes,,,,
OUTFIT00226,Business,4,BOSS00231,Blazers,BOSS00152,Shirts,BOSS00611,Shoes,BOSS00790,Belts,,
OUTFIT00227,Smart-Casual,3,BOSS00257,Blazers,BOSS00346,Pants,BOSS00613,Shoes,,,,
OUTFIT00228,Smart-Casual,3,BOSS00261,Blazers,BOSS00309,Pants,BOSS00630,Shoes,,,,
OUTFIT00229,Business,5,BOSS00362,Trousers,BOSS00186,Shirts,BOSS00601,Shoes,BOSS00828,Belts,BOSS00728,Ties
OUTFIT00230,Formal,4,BOSS00263,Blazers,BOSS00368,Trousers,BOSS00167,Shirts,BOSS00581,Shoes,,
OUTFIT00231,Formal,5,BOSS00269,Blazers,BOSS00385,Trousers,BOSS00196,Shirts,BOSS00626,Shoes,BOSS00755,Ties
OUTFIT00232,Business,5,BOSS00238,Blazers,BOSS00203,Shirts,BOSS00634,Shoes,BOSS00802,Belts,BOSS00746,Ties
OUTFIT00233,Formal,5,BOSS00256,Blazers,BOSS00406,Trousers,BOSS00171,Shirts,BOSS00617,Shoes,BOSS00837,Belts
OUTFIT00234,Casual,3,BOSS00080,T-Shirts,BOSS00436,Jeans,BOSS00305,Pants,,,,
OUTFIT00235,Formal,5,BOSS00269,Blazers,BOSS00384,Trousers,BOSS00170,Shirts,BOSS00631,Shoes,BOSS00785,Ties
OUTFIT00236,Casual,3,BOSS00139,T-Shirts,BOSS00498,Jeans,BOSS00350,Pants,,,,
OUTFIT00237,Formal,5,BOSS00242,Blazers,BOSS00425,Trousers,BOSS00195,Shirts,BOSS00595,Shoes,BOSS00820,Belts
OUTFIT00238,Formal,4,BOSS00236,Blazers,BOSS00368,Trousers,BOSS00183,Shirts,BOSS00585,Shoes,,
OUTFIT00239,Smart-Casual,4,BOSS00159,Shirts,BOSS00323,Pants,BOSS00580,Shoes,BOSS00838,Belts,,
OUTFIT00240,Casual,4,BOSS00134,T-Shirts,BOSS00465,Jeans,BOSS00305,Pants,BOSS00604,Shoes,,
OUTFIT00241,Smart-Casual,4,BOSS00197,Shirts,BOSS00328,Pants,BOSS00599,Shoes,BOSS00819,Belts,,
OUTFIT00242,Casual,3,BOSS00050,Hoodies,BOSS00485,Jeans,BOSS00324,Pants,,,,
OUTFIT00243,Business,4,BOSS00411,Trousers,BOSS00156,Shirts,BOSS00611,Shoes,BOSS00811,Belts,,
OUTFIT00244,Formal,4,BOSS00247,Blazers,BOSS00406,Trousers,BOSS00192,Shirts,BOSS00583,Shoes,,
OUTFIT00245,Smart-Casual,4,BOSS00260,Blazers,BOSS00359,Pants,BOSS00585,Shoes,BOSS00805,Belts,,
OUTFIT00246,Casual,4,BOSS00100,T-Shirts,BOSS00441,Jeans,BOSS00347,Pants,BOSS00601,Shoes,,
OUTFIT00247,Formal,4,BOSS00268,Blazers,BOSS00415,Trousers,BOSS00156,Shirts,BOSS00593,Shoes,,
OUTFIT00248,Business,4,BOSS00378,Trousers,BOSS00191,Shirts,BOSS00585,Shoes,BOSS00827,Belts,,
OUTFIT00249,Casual,3,BOSS00075,T-Shirts,BOSS00459,Jeans,BOSS00329,Pants,,,,
OUTFIT00250,Business,5,BOSS00429,Trousers,BOSS00186,Shirts,BOSS00611,Shoes,BOSS00836,Belts,BOSS00745,Ties
OUTFIT00251,Business,4,BOSS00283,Blazers,BOSS00167,Shirts,BOSS00630,Shoes,BOSS00834,Belts,,
OUTFIT00252,Smart-Casual,4,BOSS00281,Blazers,BOSS00309,Pants,BOSS00601,Shoes,BOSS00852,Belts,,
OUTFIT00253,Casual,4,BOSS00034,Hoodies,BOSS00467,Jeans,BOSS00340,Pants,BOSS00636,Shoes,,
OUTFIT00254,Formal,4,BOSS00219,Blazers,BOSS00411,Trousers,BOSS00192,Shirts,BOSS00622,Shoes,,
OUTFIT00255,Formal,5,BOSS00250,Blazers,BOSS00397,Trousers,BOSS00178,Shirts,BOSS00578,Shoes,BOSS00755,Ties
OUTFIT00256,Smart-Casual,3,BOSS00286,Blazers,BOSS00325,Pants,BOSS00609,Shoes,,,,
OUTFIT00257,Formal,5,BOSS00217,Blazers,BOSS00397,Trousers,BOSS00163,Shirts,BOSS00616,Shoes,BOSS00803,Belts
OUTFIT00258,Business,4,BOSS00413,Trousers,BOSS00184,Shirts,BOSS00638,Shoes,BOSS00831,Belts,,
OUTFIT00259,Business,5,BOSS00424,Trousers,BOSS00216,Shirts,BOSS00627,Shoes,BOSS00837,Belts,BOSS00741,Ties
OUTFIT00260,Business,4,BOSS00381,Trousers,BOSS00171,Shirts,BOSS00621,Shoes,BOSS00809,Belts,,
OUTFIT00261,Formal,4,BOSS00230,Blazers,BOSS00414,Trousers,BOSS00146,Shirts,BOSS00585,Shoes,,
OUTFIT00262,Business,4,BOSS00371,Trousers,BOSS00171,Shirts,BOSS00638,Shoes,BOSS00808,Belts,,
OUTFIT00263,Formal,4,BOSS00251,Blazers,BOSS00389,Trousers,BOSS00197,Shirts,BOSS00634,Shoes,,
OUTFIT00264,Business,5,BOSS00267,Blazers,BOSS00181,Shirts,BOSS00594,Shoes,BOSS00820,Belts,BOSS00719,Ties
OUTFIT00265,Business,5,BOSS00267,Blazers,BOSS00145,Shirts,BOSS00629,Shoes,BOSS00850,Belts,BOSS00758,Ties
OUTFIT00266,Formal,4,BOSS00280,Blazers,BOSS00375,Trousers,BOSS00170,Shirts,BOSS00615,Shoes,,
OUTFIT00267,Smart-Casual,4,BOSS00232,Blazers,BOSS00305,Pants,BOSS00600,Shoes,BOSS00830,Belts,,
OUTFIT00268,Formal,5,BOSS00244,Blazers,BOSS00371,Trousers,BOSS00148,Shirts,BOSS00636,Shoes,BOSS00750,Ties
OUTFIT00269,Formal,4,BOSS00288,Blazers,BOSS00413,Trousers,BOSS00167,Shirts,BOSS00619,Shoes,,
OUTFIT00270,Casual,3,BOSS00141,T-Shirts,BOSS00451,Jeans,BOSS00305,Pants,,,,
OUTFIT00271,Smart-Casual,3,BOSS00233,Blazers,BOSS00326,Pants,BOSS00619,Shoes,,,,
OUTFIT00272,Casual,3,BOSS00030,Hoodies,BOSS00477,Jeans,BOSS00311,Pants,,,,
OUTFIT00273,Business,4,BOSS00432,Trousers,BOSS00151,Shirts,BOSS00642,Shoes,BOSS00847,Belts,,
OUTFIT00274,Formal,5,BOSS00246,Blazers,BOSS00392,Trousers,BOSS00165,Shirts,BOSS00582,Shoes,BOSS00739,Ties
OUTFIT00275,Casual,4,BOSS00072,Hoodies,BOSS00434,Jeans,BOSS00306,Pants,BOSS00637,Shoes,,
OUTFIT00276,Casual,4,BOSS00087,T-Shirts,BOSS00462,Jeans,BOSS00303,Pants,BOSS00626,Shoes,,
OUTFIT00277,Formal,4,BOSS00234,Blazers,BOSS00418,Trousers,BOSS00148,Shirts,BOSS00629,Shoes,,
OUTFIT00278,Smart-Casual,3,BOSS00198,Shirts,BOSS00319,Pants,BOSS00601,Shoes,,,,
OUTFIT00279,Business,4,BOSS00382,Trousers,BOSS00216,Shirts,BOSS00638,Shoes,BOSS00821,Belts,,
OUTFIT00280,Smart-Casual,4,BOSS00191,Shirts,BOSS00303,Pants,BOSS00626,Shoes,BOSS00794,Belts,,
OUTFIT00281,Smart-Casual,4,BOSS00259,Blazers,BOSS00308,Pants,BOSS00600,Shoes,BOSS00837,Belts,,
OUTFIT00282,Smart-Casual,3,BOSS00270,Blazers,BOSS00339,Pants,BOSS00640,Shoes,,,,
OUTFIT00283,Business,5,BOSS00385,Trousers,BOSS00157,Shirts,BOSS00592,Shoes,BOSS00814,Belts,BOSS00774,Ties
OUTFIT00284,Formal,4,BOSS00261,Blazers,BOSS00371,Trousers,BOSS00159,Shirts,BOSS00603,Shoes,,
OUTFIT00285,Smart-Casual,3,BOSS00171,Shirts,BOSS00292,Pants,BOSS00641,Shoes,,,,
OUTFIT00286,Smart-Casual,3,BOSS00254,Blazers,BOSS00291,Pants,BOSS00616,Shoes,,,,
OUTFIT00287,Business,4,BOSS00393,Trousers,BOSS00165,Shirts,BOSS00601,Shoes,BOSS00804,Belts,,
OUTFIT00288,Casual,4,BOSS00021,Hoodies,BOSS00433,Jeans,BOSS00338,Pants,BOSS00629,Shoes,,
OUTFIT00289,Casual,4,BOSS00048,Hoodies,BOSS00453,Jeans,BOSS00334,Pants,BOSS00602,Shoes,,
OUTFIT00290,Business,5,BOSS00262,Blazers,BOSS00170,Shirts,BOSS00617,Shoes,BOSS00789,Belts,BOSS00763,Ties
OUTFIT00291,Business,4,BOSS00407,Trousers,BOSS00214,Shirts,BOSS00621,Shoes,BOSS00794,Belts,,
OUTFIT00292,Smart-Casual,4,BOSS00273,Blazers,BOSS00358,Pants,BOSS00635,Shoes,BOSS00816,Belts,,
OUTFIT00293,Casual,3,BOSS00143,T-Shirts,BOSS00440,Jeans,BOSS00316,Pants,,,,
OUTFIT00294,Smart-Casual,4,BOSS00205,Shirts,BOSS00355,Pants,BOSS00594,Shoes,BOSS00850,Belts,,
OUTFIT00295,Smart-Casual,3,BOSS00194,Shirts,BOSS00327,Pants,BOSS00636,Shoes,,,,
OUTFIT00296,Casual,4,BOSS00029,Hoodies,BOSS00462,Jeans,BOSS00309,Pants,BOSS00615,Shoes,,
OUTFIT00297,Formal,4,BOSS00280,Blazers,BOSS00396,Trousers,BOSS00210,Shirts,BOSS00617,Shoes,,
OUTFIT00298,Smart-Casual,4,BOSS00182,Shirts,BOSS00335,Pants,BOSS00616,Shoes,BOSS00847,Belts,,
OUTFIT00299,Smart-Casual,3,BOSS00195,Shirts,BOSS00357,Pants,BOSS00624,Shoes,,,,
OUTFIT00300,Formal,4,BOSS00267,Blazers,BOSS00415,Trousers,BOSS00161,Shirts,BOSS00584,Shoes,,
OUTFIT00301,Smart-Casual,3,BOSS00160,Shirts,BOSS00289,Pants,BOSS00622,Shoes,,,,
OUTFIT00302,Formal,4,BOSS00232,Blazers,BOSS00371,Trousers,BOSS00214,Shirts,BOSS00576,Shoes,,
OUTFIT00303,Business,4,BOSS00273,Blazers,BOSS00192,Shirts,BOSS00585,Shoes,BOSS00813,Belts,,
OUTFIT00304,Business,5,BOSS00239,Blazers,BOSS00159,Shirts,BOSS00595,Shoes,BOSS00821,Belts,BOSS00769,Ties
OUTFIT00305,Business,4,BOSS00430,Trousers,BOSS00205,Shirts,BOSS00601,Shoes,BOSS00838,Belts,,
OUTFIT00306,Casual,3,BOSS00108,T-Shirts,BOSS00481,Jeans,BOSS00320,Pants,,,,
OUTFIT00307,Business,4,BOSS00277,Blazers,BOSS00148,Shirts,BOSS00587,Shoes,BOSS00846,Belts,,
OUTFIT00308,Smart-Casual,3,BOSS00210,Shirts,BOSS00292,Pants,BOSS00645,Shoes,,,,
OUTFIT00309,Casual,3,BOSS00143,T-Shirts,BOSS00446,Jeans,BOSS00314,Pants,,,,
OUTFIT00310,Formal,5,BOSS00277,Blazers,BOSS00400,Trousers,BOSS00180,Shirts,BOSS00599,Shoes,BOSS00814,Belts
OUTFIT00311,Business,4,BOSS00245,Blazers,BOSS00156,Shirts,BOSS00601,Shoes,BOSS00818,Belts,,
OUTFIT00312,Formal,5,BOSS00249,Blazers,BOSS00407,Trousers,BOSS00205,Shirts,BOSS00621,Shoes,BOSS00742,Ties
OUTFIT00313,Casual,3,BOSS00052,Hoodies,BOSS00441,Jeans,BOSS00293,Pants,,,,
OUTFIT00314,Smart-Casual,4,BOSS00147,Shirts,BOSS00310,Pants,BOSS00639,Shoes,BOSS00845,Belts,,
OUTFIT00315,Casual,4,BOSS00006,Hoodies,BOSS00447,Jeans,BOSS00323,Pants,BOSS00622,Shoes,,
OUTFIT00316,Business,4,BOSS00288,Blazers,BOSS00184,Shirts,BOSS00636,Shoes,BOSS00818,Belts,,
OUTFIT00317,Casual,3,BOSS00086,T-Shirts,BOSS00500,Jeans,BOSS00327,Pants,,,,
OUTFIT00318,Formal,5,BOSS00249,Blazers,BOSS00416,Trousers,BOSS00151,Shirts,BOSS00585,Shoes,BOSS00771,Ties
OUTFIT00319,Formal,5,BOSS00251,Blazers,BOSS00402,Trousers,BOSS00203,Shirts,BOSS00599,Shoes,BOSS00803,Belts
OUTFIT00320,Smart-Casual,3,BOSS00145,Shirts,BOSS00333,Pants,BOSS00611,Shoes,,,,
OUTFIT00321,Casual,4,BOSS00108,T-Shirts,BOSS00462,Jeans,BOSS00289,Pants,BOSS00599,Shoes,,
OUTFIT00322,Smart-Casual,3,BOSS00216,Shirts,BOSS00354,Pants,BOSS00615,Shoes,,,,
OUTFIT00323,Smart-Casual,3,BOSS00249,Blazers,BOSS00357,Pants,BOSS00604,Shoes,,,,
OUTFIT00324,Smart-Casual,4,BOSS00249,Blazers,BOSS00316,Pants,BOSS00580,Shoes,BOSS00806,Belts,,
OUTFIT00325,Formal,4,BOSS00238,Blazers,BOSS00385,Trousers,BOSS00148,Shirts,BOSS00617,Shoes,,
OUTFIT00326,Smart-Casual,3,BOSS00160,Shirts,BOSS00347,Pants,BOSS00620,Shoes,,,,
OUTFIT00327,Business,4,BOSS00370,Trousers,BOSS00213,Shirts,BOSS00589,Shoes,BOSS00819,Belts,,
OUTFIT00328,Smart-Casual,3,BOSS00209,Shirts,BOSS00308,Pants,BOSS00617,Shoes,,,,
OUTFIT00329,Formal,5,BOSS00275,Blazers,BOSS00382,Trousers,BOSS00205,Shirts,BOSS00627,Shoes,BOSS00837,Belts
OUTFIT00330,Smart-Casual,3,BOSS00152,Shirts,BOSS00294,Pants,BOSS00578,Shoes,,,,
OUTFIT00331,Casual,4,BOSS00080,T-Shirts,BOSS00464,Jeans,BOSS00299,Pants,BOSS00628,Shoes,,
OUTFIT00332,Casual,3,BOSS00124,T-Shirts,BOSS00471,Jeans,BOSS00310,Pants,,,,
OUTFIT00333,Formal,4,BOSS00273,Blazers,BOSS00389,Trousers,BOSS00201,Shirts,BOSS00584,Shoes,,
OUTFIT00334,Smart-Casual,4,BOSS00239,Blazers,BOSS00317,Pants,BOSS00639,Shoes,BOSS00853,Belts,,
OUTFIT00335,Casual,4,BOSS00122,T-Shirts,BOSS00465,Jeans,BOSS00357,Pants,BOSS00609,Shoes,,
OUTFIT00336,Smart-Casual,3,BOSS00162,Shirts,BOSS00329,Pants,BOSS00589,Shoes,,,,
OUTFIT00337,Smart-Casual,4,BOSS00145,Shirts,BOSS00329,Pants,BOSS00600,Shoes,BOSS00799,Belts,,
OUTFIT00338,Formal,4,BOSS00241,Blazers,BOSS00375,Trousers,BOSS00170,Shirts,BOSS00636,Shoes,,
OUTFIT00339,Casual,4,BOSS00088,T-Shirts,BOSS00491,Jeans,BOSS00359,Pants,BOSS00578,Shoes,,
OUTFIT00340,Business,5,BOSS00263,Blazers,BOSS00205,Shirts,BOSS00636,Shoes,BOSS00835,Belts,BOSS00749,Ties
OUTFIT00341,Business,4,BOSS00388,Trousers,BOSS00191,Shirts,BOSS00578,Shoes,BOSS00825,Belts,,
OUTFIT00342,Business,5,BOSS00219,Blazers,BOSS00196,Shirts,BOSS00623,Shoes,BOSS00858,Belts,BOSS00773,Ties
OUTFIT00343,Business,5,BOSS00259,Blazers,BOSS00209,Shirts,BOSS00589,Shoes,BOSS00809,Belts,BOSS00785,Ties
OUTFIT00344,Business,4,BOSS00245,Blazers,BOSS00208,Shirts,BOSS00584,Shoes,BOSS00844,Belts,,
OUTFIT00345,Business,5,BOSS00385,Trousers,BOSS00188,Shirts,BOSS00644,Shoes,BOSS00814,Belts,BOSS00754,Ties
OUTFIT00346,Formal,4,BOSS00288,Blazers,BOSS00368,Trousers,BOSS00169,Shirts,BOSS00636,Shoes,,
OUTFIT00347,Business,4,BOSS00373,Trousers,BOSS00197,Shirts,BOSS00584,Shoes,BOSS00811,Belts,,
OUTFIT00348,Smart-Casual,4,BOSS00246,Blazers,BOSS00345,Pants,BOSS00604,Shoes,BOSS00842,Belts,,
OUTFIT00349,Business,4,BOSS00244,Blazers,BOSS00179,Shirts,BOSS00579,Shoes,BOSS00847,Belts,,
OUTFIT00350,Formal,4,BOSS00220,Blazers,BOSS00380,Trousers,BOSS00186,Shirts,BOSS00645,Shoes,,
OUTFIT00351,Business,4,BOSS00385,Trousers,BOSS00181,Shirts,BOSS00601,Shoes,BOSS00796,Belts,,
OUTFIT00352,Business,5,BOSS00400,Trousers,BOSS00148,Shirts,BOSS00592,Shoes,BOSS00826,Belts,BOSS00762,Ties
OUTFIT00353,Formal,4,BOSS00223,Blazers,BOSS00383,Trousers,BOSS00148,Shirts,BOSS00610,Shoes,,
OUTFIT00354,Formal,4,BOSS00243,Blazers,BOSS00430,Trousers,BOSS00173,Shirts,BOSS00589,Shoes,,
OUTFIT00355,Business,5,BOSS00400,Trousers,BOSS00205,Shirts,BOSS00593,Shoes,BOSS00814,Belts,BOSS00787,Ties
OUTFIT00356,Business,5,BOSS00267,Blazers,BOSS00178,Shirts,BOSS00576,Shoes,BOSS00847,Belts,BOSS00749,Ties
OUTFIT00357,Smart-Casual,3,BOSS00176,Shirts,BOSS00294,Pants,BOSS00609,Shoes,,,,
OUTFIT00358,Casual,3,BOSS00119,T-Shirts,BOSS00503,Jeans,BOSS00306,Pants,,,,
OUTFIT00359,Smart-Casual,4,BOSS00215,Shirts,BOSS00359,Pants,BOSS00594,Shoes,BOSS00822,Belts,,
OUTFIT00360,Smart-Casual,3,BOSS00268,Blazers,BOSS00351,Pants,BOSS00609,Shoes,,,,
OUTFIT00361,Business,4,BOSS00414,Trousers,BOSS00166,Shirts,BOSS00617,Shoes,BOSS00825,Belts,,
OUTFIT00362,Casual,4,BOSS00102,T-Shirts,BOSS00442,Jeans,BOSS00323,Pants,BOSS00610,Shoes,,
OUTFIT00363,Formal,4,BOSS00221,Blazers,BOSS00384,Trousers,BOSS00172,Shirts,BOSS00603,Shoes,,
OUTFIT00364,Business,4,BOSS00416,Trousers,BOSS00176,Shirts,BOSS00611,Shoes,BOSS00835,Belts,,
OUTFIT00365,Formal,4,BOSS00234,Blazers,BOSS00365,Trousers,BOSS00174,Shirts,BOSS00638,Shoes,,
OUTFIT00366,Smart-Casual,3,BOSS00259,Blazers,BOSS00319,Pants,BOSS00611,Shoes,,,,
OUTFIT00367,Business,5,BOSS00260,Blazers,BOSS00216,Shirts,BOSS00609,Shoes,BOSS00841,Belts,BOSS00770,Ties
OUTFIT00368,Casual,3,BOSS00075,T-Shirts,BOSS00457,Jeans,BOSS00320,Pants,,,,
OUTFIT00369,Formal,4,BOSS00270,Blazers,BOSS00366,Trousers,BOSS00188,Shirts,BOSS00629,Shoes,,
OUTFIT00370,Formal,4,BOSS00268,Blazers,BOSS00371,Trousers,BOSS00205,Shirts,BOSS00586,Shoes,,
OUTFIT00371,Business,5,BOSS00385,Trousers,BOSS00196,Shirts,BOSS00576,Shoes,BOSS00847,Belts,BOSS00774,Ties
OUTFIT00372,Formal,5,BOSS00273,Blazers,BOSS00380,Trousers,BOSS00169,Shirts,BOSS00585,Shoes,BOSS00815,Belts
OUTFIT00373,Smart-Casual,4,BOSS00251,Blazers,BOSS00336,Pants,BOSS00632,Shoes,BOSS00844,Belts,,
OUTFIT00374,Smart-Casual,3,BOSS00146,Shirts,BOSS00326,Pants,BOSS00611,Shoes,,,,
OUTFIT00375,Business,4,BOSS00422,Trousers,BOSS00216,Shirts,BOSS00639,Shoes,BOSS00842,Belts,,
OUTFIT00376,Smart-Casual,3,BOSS00238,Blazers,BOSS00289,Pants,BOSS00636,Shoes,,,,
OUTFIT00377,Business,4,BOSS00386,Trousers,BOSS00161,Shirts,BOSS00638,Shoes,BOSS00831,Belts,,
OUTFIT00378,Casual,4,BOSS00061,Hoodies,BOSS00473,Jeans,BOSS00343,Pants,BOSS00590,Shoes,,
OUTFIT00379,Formal,5,BOSS00253,Blazers,BOSS00369,Trousers,BOSS00156,Shirts,BOSS00589,Shoes,BOSS00770,Ties
OUTFIT00380,Smart-Casual,4,BOSS00228,Blazers,BOSS00336,Pants,BOSS00610,Shoes,BOSS00790,Belts,,
OUTFIT00381,Formal,5,BOSS00280,Blazers,BOSS00382,Trousers,BOSS00214,Shirts,BOSS00604,Shoes,BOSS00780,Ties
OUTFIT00382,Business,5,BOSS00270,Blazers,BOSS00193,Shirts,BOSS00640,Shoes,BOSS00789,Belts,BOSS00765,Ties
OUTFIT00383,Formal,4,BOSS00266,Blazers,BOSS00409,Trousers,BOSS00210,Shirts,BOSS00636,Shoes,,
OUTFIT00384,Smart-Casual,3,BOSS00148,Shirts,BOSS00293,Pants,BOSS00645,Shoes,,,,
OUTFIT00385,Smart-Casual,4,BOSS00174,Shirts,BOSS00339,Pants,BOSS00601,Shoes,BOSS00819,Belts,,
OUTFIT00386,Smart-Casual,4,BOSS00167,Shirts,BOSS00291,Pants,BOSS00584,Shoes,BOSS00846,Belts,,
OUTFIT00387,Casual,3,BOSS00117,T-Shirts,BOSS00467,Jeans,BOSS00338,Pants,,,,
OUTFIT00388,Casual,4,BOSS00079,T-Shirts,BOSS00465,Jeans,BOSS00304,Pants,BOSS00580,Shoes,,
OUTFIT00389,Smart-Casual,3,BOSS00164,Shirts,BOSS00305,Pants,BOSS00637,Shoes,,,,
OUTFIT00390,Business,4,BOSS00407,Trousers,BOSS00178,Shirts,BOSS00622,Shoes,BOSS00845,Belts,,
OUTFIT00391,Casual,4,BOSS00083,T-Shirts,BOSS00468,Jeans,BOSS00356,Pants,BOSS00603,Shoes,,
OUTFIT00392,Smart-Casual,4,BOSS00232,Blazers,BOSS00305,Pants,BOSS00587,Shoes,BOSS00847,Belts,,
OUTFIT00393,Smart-Casual,3,BOSS00187,Shirts,BOSS00355,Pants,BOSS00599,Shoes,,,,
OUTFIT00394,Business,4,BOSS00247,Blazers,BOSS00151,Shirts,BOSS00611,Shoes,BOSS00791,Belts,,
OUTFIT00395,Casual,4,BOSS00130,T-Shirts,BOSS00440,Jeans,BOSS00292,Pants,BOSS00636,Shoes,,
OUTFIT00396,Casual,4,BOSS00122,T-Shirts,BOSS00455,Jeans,BOSS00319,Pants,BOSS00595,Shoes,,
OUTFIT00397,Smart-Casual,4,BOSS00258,Blazers,BOSS00329,Pants,BOSS00584,Shoes,BOSS00801,Belts,,
OUTFIT00398,Business,5,BOSS00242,Blazers,BOSS00192,Shirts,BOSS00581,Shoes,BOSS00820,Belts,BOSS00735,Ties
OUTFIT00399,Casual,3,BOSS00097,T-Shirts,BOSS00451,Jeans,BOSS00338,Pants,,,,
OUTFIT00400,Smart-Casual,3,BOSS00213,Shirts,BOSS00328,Pants,BOSS00590,Shoes,,,,
OUTFIT00401,Business,5,BOSS00222,Blazers,BOSS00170,Shirts,BOSS00611,Shoes,BOSS00828,Belts,BOSS00773,Ties
OUTFIT00402,Business,5,BOSS00285,Blazers,BOSS00148,Shirts,BOSS00603,Shoes,BOSS00809,Belts,BOSS00782,Ties
OUTFIT00403,Casual,4,BOSS00110,T-Shirts,BOSS00498,Jeans,BOSS00304,Pants,BOSS00616,Shoes,,
OUTFIT00404,Smart-Casual,3,BOSS00266,Blazers,BOSS00307,Pants,BOSS00636,Shoes,,,,
OUTFIT00405,Formal,4,BOSS00279,Blazers,BOSS00369,Trousers,BOSS00175,Shirts,BOSS00604,Shoes,,
OUTFIT00406,Formal,4,BOSS00226,Blazers,BOSS00380,Trousers,BOSS00155,Shirts,BOSS00629,Shoes,,
OUTFIT00407,Casual,4,BOSS00101,T-Shirts,BOSS00490,Jeans,BOSS00311,Pants,BOSS00585,Shoes,,
OUTFIT00408,Business,4,BOSS00411,Trousers,BOSS00213,Shirts,BOSS00616,Shoes,BOSS00795,Belts,,
OUTFIT00409,Smart-Casual,3,BOSS00248,Blazers,BOSS00325,Pants,BOSS00640,Shoes,,,,
OUTFIT00410,Formal,5,BOSS00286,Blazers,BOSS00400,Trousers,BOSS00161,Shirts,BOSS00619,Shoes,BOSS00769,Ties
OUTFIT00411,Business,4,BOSS00432,Trousers,BOSS00184,Shirts,BOSS00620,Shoes,BOSS00851,Belts,,
OUTFIT00412,Formal,5,BOSS00264,Blazers,BOSS00389,Trousers,BOSS00166,Shirts,BOSS00630,Shoes,BOSS00847,Belts
OUTFIT00413,Casual,4,BOSS00057,Hoodies,BOSS00450,Jeans,BOSS00309,Pants,BOSS00642,Shoes,,
OUTFIT00414,Formal,4,BOSS00265,Blazers,BOSS00421,Trousers,BOSS00205,Shirts,BOSS00627,Shoes,,
OUTFIT00415,Smart-Casual,4,BOSS00240,Blazers,BOSS00309,Pants,BOSS00637,Shoes,BOSS00830,Belts,,
OUTFIT00416,Smart-Casual,3,BOSS00263,Blazers,BOSS00311,Pants,BOSS00639,Shoes,,,,
OUTFIT00417,Casual,4,BOSS00097,T-Shirts,BOSS00469,Jeans,BOSS00355,Pants,BOSS00583,Shoes,,
OUTFIT00418,Smart-Casual,3,BOSS00226,Blazers,BOSS00301,Pants,BOSS00609,Shoes,,,,
OUTFIT00419,Casual,4,BOSS00123,T-Shirts,BOSS00487,Jeans,BOSS00326,Pants,BOSS00583,Shoes,,
OUTFIT00420,Business,4,BOSS00266,Blazers,BOSS00160,Shirts,BOSS00645,Shoes,BOSS00789,Belts,,
OUTFIT00421,Casual,3,BOSS00143,T-Shirts,BOSS00484,Jeans,BOSS00330,Pants,,,,
OUTFIT00422,Business,4,BOSS00413,Trousers,BOSS00159,Shirts,BOSS00619,Shoes,BOSS00827,Belts,,
OUTFIT00423,Smart-Casual,3,BOSS00248,Blazers,BOSS00320,Pants,BOSS00644,Shoes,,,,
OUTFIT00424,Casual,3,BOSS00097,T-Shirts,BOSS00453,Jeans,BOSS00356,Pants,,,,
OUTFIT00425,Casual,3,BOSS00079,T-Shirts,BOSS00469,Jeans,BOSS00313,Pants,,,,
OUTFIT00426,Formal,5,BOSS00228,Blazers,BOSS00417,Trousers,BOSS00151,Shirts,BOSS00606,Shoes,BOSS00761,Ties
OUTFIT00427,Casual,4,BOSS00118,T-Shirts,BOSS00465,Jeans,BOSS00333,Pants,BOSS00604,Shoes,,
OUTFIT00428,Formal,4,BOSS00233,Blazers,BOSS00415,Trousers,BOSS00172,Shirts,BOSS00581,Shoes,,
OUTFIT00429,Smart-Casual,3,BOSS00268,Blazers,BOSS00292,Pants,BOSS00645,Shoes,,,,
OUTFIT00430,Smart-Casual,3,BOSS00189,Shirts,BOSS00354,Pants,BOSS00622,Shoes,,,,
OUTFIT00431,Formal,4,BOSS00231,Blazers,BOSS00384,Trousers,BOSS00168,Shirts,BOSS00579,Shoes,,
OUTFIT00432,Smart-Casual,4,BOSS00165,Shirts,BOSS00296,Pants,BOSS00615,Shoes,BOSS00837,Belts,,
OUTFIT00433,Smart-Casual,4,BOSS00261,Blazers,BOSS00316,Pants,BOSS00617,Shoes,BOSS00841,Belts,,
OUTFIT00434,Business,5,BOSS00283,Blazers,BOSS00183,Shirts,BOSS00577,Shoes,BOSS00822,Belts,BOSS00766,Ties
OUTFIT00435,Formal,4,BOSS00288,Blazers,BOSS00397,Trousers,BOSS00157,Shirts,BOSS00640,Shoes,,
OUTFIT00436,Formal,5,BOSS00229,Blazers,BOSS00424,Trousers,BOSS00154,Shirts,BOSS00613,Shoes,BOSS00741,Ties
OUTFIT00437,Smart-Casual,3,BOSS00241,Blazers,BOSS00305,Pants,BOSS00586,Shoes,,,,
OUTFIT00438,Formal,4,BOSS00248,Blazers,BOSS00398,Trousers,BOSS00148,Shirts,BOSS00589,Shoes,,
OUTFIT00439,Formal,5,BOSS00239,Blazers,BOSS00424,Trousers,BOSS00210,Shirts,BOSS00611,Shoes,BOSS00780,Ties
OUTFIT00440,Smart-Casual,4,BOSS00257,Blazers,BOSS00316,Pants,BOSS00604,Shoes,BOSS00833,Belts,,
OUTFIT00441,Formal,4,BOSS00286,Blazers,BOSS00363,Trousers,BOSS00213,Shirts,BOSS00617,Shoes,,
OUTFIT00442,Casual,4,BOSS00103,T-Shirts,BOSS00437,Jeans,BOSS00347,Pants,BOSS00589,Shoes,,
OUTFIT00443,Formal,4,BOSS00259,Blazers,BOSS00415,Trousers,BOSS00215,Shirts,BOSS00594,Shoes,,
OUTFIT00444,Business,4,BOSS00220,Blazers,BOSS00210,Shirts,BOSS00616,Shoes,BOSS00820,Belts,,
OUTFIT00445,Formal,5,BOSS00262,Blazers,BOSS00411,Trousers,BOSS00152,Shirts,BOSS00601,Shoes,BOSS00743,Ties
OUTFIT00446,Smart-Casual,3,BOSS00191,Shirts,BOSS00350,Pants,BOSS00585,Shoes,,,,
OUTFIT00447,Casual,4,BOSS00089,T-Shirts,BOSS00490,Jeans,BOSS00314,Pants,BOSS00594,Shoes,,
OUTFIT00448,Smart-Casual,4,BOSS00246,Blazers,BOSS00330,Pants,BOSS00637,Shoes,BOSS00820,Belts,,
OUTFIT00449,Casual,3,BOSS00035,Hoodies,BOSS00439,Jeans,BOSS00338,Pants,,,,
OUTFIT00450,Formal,5,BOSS00234,Blazers,BOSS00363,Trousers,BOSS00162,Shirts,BOSS00629,Shoes,BOSS00759,Ties
OUTFIT00451,Formal,5,BOSS00224,Blazers,BOSS00395,Trousers,BOSS00169,Shirts,BOSS00609,Shoes,BOSS00778,Ties
OUTFIT00452,Business,5,BOSS00244,Blazers,BOSS00173,Shirts,BOSS00576,Shoes,BOSS00848,Belts,BOSS00725,Ties
OUTFIT00453,Business,4,BOSS00249,Blazers,BOSS00159,Shirts,BOSS00595,Shoes,BOSS00838,Belts,,
OUTFIT00454,Smart-Casual,4,BOSS00252,Blazers,BOSS00305,Pants,BOSS00591,Shoes,BOSS00806,Belts,,
OUTFIT00455,Smart-Casual,4,BOSS00209,Shirts,BOSS00296,Pants,BOSS00617,Shoes,BOSS00821,Belts,,
OUTFIT00456,Formal,5,BOSS00238,Blazers,BOSS00400,Trousers,BOSS00156,Shirts,BOSS00617,Shoes,BOSS00752,Ties
OUTFIT00457,Formal,4,BOSS00218,Blazers,BOSS00366,Trousers,BOSS00192,Shirts,BOSS00645,Shoes,,
OUTFIT00458,Casual,4,BOSS00125,T-Shirts,BOSS00479,Jeans,BOSS00292,Pants,BOSS00603,Shoes,,
OUTFIT00459,Formal,5,BOSS00271,Blazers,BOSS00383,Trousers,BOSS00185,Shirts,BOSS00643,Shoes,BOSS00803,Belts
OUTFIT00460,Business,4,BOSS00240,Blazers,BOSS00145,Shirts,BOSS00595,Shoes,BOSS00806,Belts,,
OUTFIT00461,Casual,3,BOSS00122,T-Shirts,BOSS00456,Jeans,BOSS00316,Pants,,,,
OUTFIT00462,Formal,5,BOSS00243,Blazers,BOSS00379,Trousers,BOSS00167,Shirts,BOSS00609,Shoes,BOSS00847,Belts
OUTFIT00463,Casual,4,BOSS00059,Hoodies,BOSS00503,Jeans,BOSS00298,Pants,BOSS00585,Shoes,,
OUTFIT00464,Formal,5,BOSS00278,Blazers,BOSS00364,Trousers,BOSS00160,Shirts,BOSS00619,Shoes,BOSS00831,Belts
OUTFIT00465,Formal,4,BOSS00255,Blazers,BOSS00431,Trousers,BOSS00148,Shirts,BOSS00619,Shoes,,
OUTFIT00466,Smart-Casual,3,BOSS00229,Blazers,BOSS00333,Pants,BOSS00617,Shoes,,,,
OUTFIT00467,Smart-Casual,3,BOSS00288,Blazers,BOSS00339,Pants,BOSS00601,Shoes,,,,
OUTFIT00468,Casual,3,BOSS00036,Hoodies,BOSS00452,Jeans,BOSS00303,Pants,,,,
OUTFIT00469,Smart-Casual,3,BOSS00262,Blazers,BOSS00335,Pants,BOSS00597,Shoes,,,,
OUTFIT00470,Business,4,BOSS00412,Trousers,BOSS00151,Shirts,BOSS00604,Shoes,BOSS00834,Belts,,
OUTFIT00471,Smart-Casual,4,BOSS00231,Blazers,BOSS00338,Pants,BOSS00594,Shoes,BOSS00838,Belts,,
OUTFIT00472,Business,4,BOSS00274,Blazers,BOSS00188,Shirts,BOSS00590,Shoes,BOSS00818,Belts,,
OUTFIT00473,Smart-Casual,4,BOSS00278,Blazers,BOSS00312,Pants,BOSS00584,Shoes,BOSS00851,Belts,,
OUTFIT00474,Business,5,BOSS00239,Blazers,BOSS00151,Shirts,BOSS00617,Shoes,BOSS00809,Belts,BOSS00770,Ties
OUTFIT00475,Business,4,BOSS00407,Trousers,BOSS00170,Shirts,BOSS00611,Shoes,BOSS00822,Belts,,
OUTFIT00476,Smart-Casual,4,BOSS00271,Blazers,BOSS00329,Pants,BOSS00609,Shoes,BOSS00803,Belts,,
OUTFIT00477,Business,4,BOSS00287,Blazers,BOSS00157,Shirts,BOSS00610,Shoes,BOSS00801,Belts,,
OUTFIT00478,Casual,3,BOSS00081,T-Shirts,BOSS00451,Jeans,BOSS00351,Pants,,,,
OUTFIT00479,Formal,5,BOSS00261,Blazers,BOSS00415,Trousers,BOSS00179,Shirts,BOSS00578,Shoes,BOSS00761,Ties
OUTFIT00480,Smart-Casual,3,BOSS00272,Blazers,BOSS00318,Pants,BOSS00637,Shoes,,,,
OUTFIT00481,Casual,3,BOSS00084,T-Shirts,BOSS00473,Jeans,BOSS00294,Pants,,,,
OUTFIT00482,Casual,3,BOSS00040,Hoodies,BOSS00498,Jeans,BOSS00339,Pants,,,,
OUTFIT00483,Casual,4,BOSS00005,Hoodies,BOSS00450,Jeans,BOSS00346,Pants,BOSS00637,Shoes,,
OUTFIT00484,Business,5,BOSS00375,Trousers,BOSS00160,Shirts,BOSS00622,Shoes,BOSS00854,Belts,BOSS00763,Ties
OUTFIT00485,Casual,3,BOSS00021,Hoodies,BOSS00489,Jeans,BOSS00309,Pants,,,,
OUTFIT00486,Formal,5,BOSS00275,Blazers,BOSS00421,Trousers,BOSS00145,Shirts,BOSS00621,Shoes,BOSS00808,Belts
OUTFIT00487,Business,5,BOSS00403,Trousers,BOSS00201,Shirts,BOSS00629,Shoes,BOSS00850,Belts,BOSS00737,Ties
OUTFIT00488,Casual,3,BOSS00124,T-Shirts,BOSS00487,Jeans,BOSS00314,Pants,,,,
OUTFIT00489,Smart-Casual,3,BOSS00261,Blazers,BOSS00311,Pants,BOSS00580,Shoes,,,,
OUTFIT00490,Business,4,BOSS00265,Blazers,BOSS00177,Shirts,BOSS00627,Shoes,BOSS00820,Belts,,
OUTFIT00491,Casual,4,BOSS00120,T-Shirts,BOSS00460,Jeans,BOSS00324,Pants,BOSS00636,Shoes,,
OUTFIT00492,Formal,5,BOSS00251,Blazers,BOSS00363,Trousers,BOSS00153,Shirts,BOSS00590,Shoes,BOSS00816,Belts
OUTFIT00493,Business,4,BOSS00249,Blazers,BOSS00183,Shirts,BOSS00617,Shoes,BOSS00794,Belts,,
OUTFIT00494,Business,4,BOSS00396,Trousers,BOSS00172,Shirts,BOSS00641,Shoes,BOSS00805,Belts,,
OUTFIT00495,Formal,4,BOSS00260,Blazers,BOSS00405,Trousers,BOSS00172,Shirts,BOSS00622,Shoes,,
OUTFIT00496,Casual,4,BOSS00061,Hoodies,BOSS00437,Jeans,BOSS00329,Pants,BOSS00591,Shoes,,
OUTFIT00497,Business,5,BOSS00364,Trousers,BOSS00151,Shirts,BOSS00584,Shoes,BOSS00811,Belts,BOSS00750,Ties
OUTFIT00498,Smart-Casual,3,BOSS00278,Blazers,BOSS00289,Pants,BOSS00620,Shoes,,,,
OUTFIT00499,Casual,3,BOSS00129,T-Shirts,BOSS00485,Jeans,BOSS00351,Pants,,,,
OUTFIT00500,Smart-Casual,3,BOSS00179,Shirts,BOSS00357,Pants,BOSS00601,Shoes,,,,
OUTFIT00501,Smart-Casual,4,BOSS00222,Blazers,BOSS00342,Pants,BOSS00590,Shoes,BOSS00803,Belts,,
OUTFIT00502,Casual,4,BOSS00081,T-Shirts,BOSS00479,Jeans,BOSS00304,Pants,BOSS00589,Shoes,,
OUTFIT00503,Business,4,BOSS00418,Trousers,BOSS00170,Shirts,BOSS00611,Shoes,BOSS00790,Belts,,
OUTFIT00504,Casual,3,BOSS00077,T-Shirts,BOSS00451,Jeans,BOSS00292,Pants,,,,
OUTFIT00505,Smart-Casual,4,BOSS00268,Blazers,BOSS00348,Pants,BOSS00594,Shoes,BOSS00848,Belts,,
OUTFIT00506,Business,4,BOSS00387,Trousers,BOSS00212,Shirts,BOSS00589,Shoes,BOSS00815,Belts,,
OUTFIT00507,Business,4,BOSS00406,Trousers,BOSS00214,Shirts,BOSS00611,Shoes,BOSS00858,Belts,,
OUTFIT00508,Business,5,BOSS00383,Trousers,BOSS00178,Shirts,BOSS00600,Shoes,BOSS00795,Belts,BOSS00756,Ties
OUTFIT00509,Formal,4,BOSS00259,Blazers,BOSS00396,Trousers,BOSS00209,Shirts,BOSS00609,Shoes,,
OUTFIT00510,Business,4,BOSS00427,Trousers,BOSS00162,Shirts,BOSS00635,Shoes,BOSS00789,Belts,,
OUTFIT00511,Business,5,BOSS00370,Trousers,BOSS00187,Shirts,BOSS00631,Shoes,BOSS00839,Belts,BOSS00750,Ties
OUTFIT00512,Formal,4,BOSS00227,Blazers,BOSS00415,Trousers,BOSS00206,Shirts,BOSS00614,Shoes,,
OUTFIT00513,Business,4,BOSS00285,Blazers,BOSS00159,Shirts,BOSS00630,Shoes,BOSS00840,Belts,,
OUTFIT00514,Casual,4,BOSS00064,Hoodies,BOSS00491,Jeans,BOSS00304,Pants,BOSS00591,Shoes,,
OUTFIT00515,Casual,3,BOSS00070,Hoodies,BOSS00492,Jeans,BOSS00333,Pants,,,,
OUTFIT00516,Smart-Casual,4,BOSS00215,Shirts,BOSS00310,Pants,BOSS00627,Shoes,BOSS00794,Belts,,
OUTFIT00517,Formal,4,BOSS00271,Blazers,BOSS00426,Trousers,BOSS00211,Shirts,BOSS00610,Shoes,,
OUTFIT00518,Formal,4,BOSS00226,Blazers,BOSS00380,Trousers,BOSS00192,Shirts,BOSS00632,Shoes,,
OUTFIT00519,Casual,3,BOSS00089,T-Shirts,BOSS00440,Jeans,BOSS00355,Pants,,,,
OUTFIT00520,Smart-Casual,4,BOSS00249,Blazers,BOSS00314,Pants,BOSS00621,Shoes,BOSS00829,Belts,,
OUTFIT00521,Casual,4,BOSS00045,Hoodies,BOSS00457,Jeans,BOSS00333,Pants,BOSS00585,Shoes,,
OUTFIT00522,Formal,5,BOSS00259,Blazers,BOSS00366,Trousers,BOSS00189,Shirts,BOSS00594,Shoes,BOSS00858,Belts
OUTFIT00523,Casual,4,BOSS00048,Hoodies,BOSS00462,Jeans,BOSS00310,Pants,BOSS00624,Shoes,,
OUTFIT00524,Business,4,BOSS00243,Blazers,BOSS00191,Shirts,BOSS00619,Shoes,BOSS00828,Belts,,
OUTFIT00525,Formal,5,BOSS00270,Blazers,BOSS00371,Trousers,BOSS00176,Shirts,BOSS00619,Shoes,BOSS00719,Ties
OUTFIT00526,Smart-Casual,3,BOSS00278,Blazers,BOSS00348,Pants,BOSS00622,Shoes,,,,
OUTFIT00527,Business,5,BOSS00285,Blazers,BOSS00166,Shirts,BOSS00579,Shoes,BOSS00805,Belts,BOSS00785,Ties
OUTFIT00528,Smart-Casual,3,BOSS00154,Shirts,BOSS00346,Pants,BOSS00604,Shoes,,,,
OUTFIT00529,Formal,5,BOSS00276,Blazers,BOSS00390,Trousers,BOSS00179,Shirts,BOSS00604,Shoes,BOSS00744,Ties
OUTFIT00530,Casual,3,BOSS00135,T-Shirts,BOSS00503,Jeans,BOSS00308,Pants,,,,
OUTFIT00531,Casual,3,BOSS00024,Hoodies,BOSS00496,Jeans,BOSS00323,Pants,,,,
OUTFIT00532,Business,4,BOSS00408,Trousers,BOSS00156,Shirts,BOSS00619,Shoes,BOSS00828,Belts,,
OUTFIT00533,Business,4,BOSS00231,Blazers,BOSS00214,Shirts,BOSS00617,Shoes,BOSS00853,Belts,,
OUTFIT00534,Formal,5,BOSS00232,Blazers,BOSS00377,Trousers,BOSS00183,Shirts,BOSS00585,Shoes,BOSS00830,Belts
OUTFIT00535,Formal,5,BOSS00234,Blazers,BOSS00362,Trousers,BOSS00191,Shirts,BOSS00645,Shoes,BOSS00729,Ties
OUTFIT00536,Smart-Casual,3,BOSS00260,Blazers,BOSS00333,Pants,BOSS00639,Shoes,,,,
OUTFIT00537,Casual,3,BOSS00022,Hoodies,BOSS00490,Jeans,BOSS00307,Pants,,,,
OUTFIT00538,Casual,4,BOSS00029,Hoodies,BOSS00467,Jeans,BOSS00359,Pants,BOSS00603,Shoes,,
OUTFIT00539,Business,5,BOSS00409,Trousers,BOSS00148,Shirts,BOSS00593,Shoes,BOSS00850,Belts,BOSS00729,Ties
OUTFIT00540,Business,5,BOSS00287,Blazers,BOSS00203,Shirts,BOSS00633,Shoes,BOSS00789,Belts,BOSS00774,Ties
OUTFIT00541,Smart-Casual,4,BOSS00155,Shirts,BOSS00345,Pants,BOSS00622,Shoes,BOSS00850,Belts,,
OUTFIT00542,Smart-Casual,3,BOSS00161,Shirts,BOSS00348,Pants,BOSS00578,Shoes,,,,
OUTFIT00543,Business,5,BOSS00243,Blazers,BOSS00165,Shirts,BOSS00637,Shoes,BOSS00805,Belts,BOSS00735,Ties
OUTFIT00544,Casual,3,BOSS00143,T-Shirts,BOSS00490,Jeans,BOSS00354,Pants,,,,
OUTFIT00545,Formal,5,BOSS00282,Blazers,BOSS00363,Trousers,BOSS00178,Shirts,BOSS00611,Shoes,BOSS00836,Belts
OUTFIT00546,Business,4,BOSS00411,Trousers,BOSS00191,Shirts,BOSS00601,Shoes,BOSS00790,Belts,,
OUTFIT00547,Business,4,BOSS00406,Trousers,BOSS00179,Shirts,BOSS00585,Shoes,BOSS00820,Belts,,
OUTFIT00548,Casual,4,BOSS00111,T-Shirts,BOSS00451,Jeans,BOSS00310,Pants,BOSS00627,Shoes,,
OUTFIT00549,Business,5,BOSS00389,Trousers,BOSS00210,Shirts,BOSS00593,Shoes,BOSS00837,Belts,BOSS00724,Ties
OUTFIT00550,Business,4,BOSS00218,Blazers,BOSS00158,Shirts,BOSS00610,Shoes,BOSS00836,Belts,,
OUTFIT00551,Casual,3,BOSS00046,Hoodies,BOSS00465,Jeans,BOSS00344,Pants,,,,
OUTFIT00552,Formal,5,BOSS00253,Blazers,BOSS00432,Trousers,BOSS00159,Shirts,BOSS00632,Shoes,BOSS00783,Ties
OUTFIT00553,Formal,5,BOSS00244,Blazers,BOSS00423,Trousers,BOSS00176,Shirts,BOSS00581,Shoes,BOSS00765,Ties
OUTFIT00554,Business,4,BOSS00226,Blazers,BOSS00163,Shirts,BOSS00645,Shoes,BOSS00823,Belts,,
OUTFIT00555,Formal,5,BOSS00232,Blazers,BOSS00416,Trousers,BOSS00181,Shirts,BOSS00617,Shoes,BOSS00733,Ties
OUTFIT00556,Business,4,BOSS00240,Blazers,BOSS00179,Shirts,BOSS00638,Shoes,BOSS00824,Belts,,
OUTFIT00557,Smart-Casual,3,BOSS00281,Blazers,BOSS00343,Pants,BOSS00589,Shoes,,,,
OUTFIT00558,Business,5,BOSS00232,Blazers,BOSS00179,Shirts,BOSS00600,Shoes,BOSS00806,Belts,BOSS00785,Ties
OUTFIT00559,Smart-Casual,3,BOSS00268,Blazers,BOSS00348,Pants,BOSS00622,Shoes,,,,
OUTFIT00560,Business,5,BOSS00361,Trousers,BOSS00214,Shirts,BOSS00630,Shoes,BOSS00853,Belts,BOSS00754,Ties
OUTFIT00561,Casual,3,BOSS00073,T-Shirts,BOSS00497,Jeans,BOSS00321,Pants,,,,
OUTFIT00562,Business,5,BOSS00415,Trousers,BOSS00159,Shirts,BOSS00638,Shoes,BOSS00850,Belts,BOSS00722,Ties
OUTFIT00563,Smart-Casual,3,BOSS00189,Shirts,BOSS00317,Pants,BOSS00603,Shoes,,,,
OUTFIT00564,Business,5,BOSS00365,Trousers,BOSS00186,Shirts,BOSS00609,Shoes,BOSS00854,Belts,BOSS00785,Ties
OUTFIT00565,Smart-Casual,4,BOSS00145,Shirts,BOSS00305,Pants,BOSS00576,Shoes,BOSS00835,Belts,,
OUTFIT00566,Smart-Casual,3,BOSS00211,Shirts,BOSS00292,Pants,BOSS00585,Shoes,,,,
OUTFIT00567,Business,5,BOSS00288,Blazers,BOSS00192,Shirts,BOSS00601,Shoes,BOSS00847,Belts,BOSS00773,Ties
OUTFIT00568,Casual,3,BOSS00139,T-Shirts,BOSS00456,Jeans,BOSS00305,Pants,,,,
OUTFIT00569,Formal,5,BOSS00227,Blazers,BOSS00407,Trousers,BOSS00151,Shirts,BOSS00627,Shoes,BOSS00835,Belts
OUTFIT00570,Business,5,BOSS00375,Trousers,BOSS00174,Shirts,BOSS00590,Shoes,BOSS00830,Belts,BOSS00762,Ties
OUTFIT00571,Casual,4,BOSS00045,Hoodies,BOSS00486,Jeans,BOSS00325,Pants,BOSS00617,Shoes,,
OUTFIT00572,Smart-Casual,3,BOSS00192,Shirts,BOSS00304,Pants,BOSS00603,Shoes,,,,
OUTFIT00573,Smart-Casual,4,BOSS00240,Blazers,BOSS00327,Pants,BOSS00641,Shoes,BOSS00829,Belts,,
OUTFIT00574,Business,5,BOSS00390,Trousers,BOSS00164,Shirts,BOSS00595,Shoes,BOSS00853,Belts,BOSS00742,Ties
OUTFIT00575,Formal,5,BOSS00247,Blazers,BOSS00384,Trousers,BOSS00209,Shirts,BOSS00587,Shoes,BOSS00858,Belts
OUTFIT00576,Casual,3,BOSS00062,Hoodies,BOSS00442,Jeans,BOSS00350,Pants,,,,
OUTFIT00577,Smart-Casual,4,BOSS00274,Blazers,BOSS00348,Pants,BOSS00611,Shoes,BOSS00839,Belts,,
OUTFIT00578,Business,4,BOSS00276,Blazers,BOSS00191,Shirts,BOSS00630,Shoes,BOSS00837,Belts,,
OUTFIT00579,Smart-Casual,4,BOSS00184,Shirts,BOSS00322,Pants,BOSS00638,Shoes,BOSS00820,Belts,,
OUTFIT00580,Smart-Casual,4,BOSS00149,Shirts,BOSS00313,Pants,BOSS00595,Shoes,BOSS00853,Belts,,
OUTFIT00581,Formal,5,BOSS00235,Blazers,BOSS00430,Trousers,BOSS00165,Shirts,BOSS00579,Shoes,BOSS00754,Ties
OUTFIT00582,Casual,3,BOSS00134,T-Shirts,BOSS00471,Jeans,BOSS00329,Pants,,,,
OUTFIT00583,Formal,4,BOSS00261,Blazers,BOSS00389,Trousers,BOSS00216,Shirts,BOSS00600,Shoes,,
OUTFIT00584,Smart-Casual,4,BOSS00201,Shirts,BOSS00336,Pants,BOSS00629,Shoes,BOSS00811,Belts,,
OUTFIT00585,Smart-Casual,3,BOSS00278,Blazers,BOSS00348,Pants,BOSS00629,Shoes,,,,
OUTFIT00586,Business,5,BOSS00228,Blazers,BOSS00185,Shirts,BOSS00589,Shoes,BOSS00831,Belts,BOSS00761,Ties
OUTFIT00587,Formal,4,BOSS00226,Blazers,BOSS00427,Trousers,BOSS00180,Shirts,BOSS00598,Shoes,,
OUTFIT00588,Business,4,BOSS00276,Blazers,BOSS00189,Shirts,BOSS00621,Shoes,BOSS00820,Belts,,
OUTFIT00589,Formal,5,BOSS00284,Blazers,BOSS00369,Trousers,BOSS00207,Shirts,BOSS00639,Shoes,BOSS00728,Ties
OUTFIT00590,Smart-Casual,3,BOSS00232,Blazers,BOSS00329,Pants,BOSS00636,Shoes,,,,
OUTFIT00591,Smart-Casual,4,BOSS00193,Shirts,BOSS00321,Pants,BOSS00599,Shoes,BOSS00830,Belts,,
OUTFIT00592,Business,4,BOSS00280,Blazers,BOSS00170,Shirts,BOSS00627,Shoes,BOSS00858,Belts,,
OUTFIT00593,Formal,5,BOSS00280,Blazers,BOSS00407,Trousers,BOSS00192,Shirts,BOSS00627,Shoes,BOSS00847,Belts
OUTFIT00594,Smart-Casual,3,BOSS00242,Blazers,BOSS00290,Pants,BOSS00621,Shoes,,,,
OUTFIT00595,Business,4,BOSS00236,Blazers,BOSS00148,Shirts,BOSS00609,Shoes,BOSS00824,Belts,,
OUTFIT00596,Casual,3,BOSS00104,T-Shirts,BOSS00457,Jeans,BOSS00320,Pants,,,,
OUTFIT00597,Formal,4,BOSS00252,Blazers,BOSS00361,Trousers,BOSS00209,Shirts,BOSS00578,Shoes,,
OUTFIT00598,Smart-Casual,4,BOSS00227,Blazers,BOSS00319,Pants,BOSS00604,Shoes,BOSS00857,Belts,,
OUTFIT00599,Casual,3,BOSS00049,Hoodies,BOSS00465,Jeans,BOSS00354,Pants,,,,
OUTFIT00600,Business,4,BOSS00399,Trousers,BOSS00191,Shirts,BOSS00622,Shoes,BOSS00843,Belts,,
OUTFIT00601,Business,5,BOSS00378,Trousers,BOSS00153,Shirts,BOSS00601,Shoes,BOSS00844,Belts,BOSS00721,Ties
OUTFIT00602,Formal,4,BOSS00255,Blazers,BOSS00368,Trousers,BOSS00213,Shirts,BOSS00622,Shoes,,
OUTFIT00603,Casual,4,BOSS00003,Hoodies,BOSS00446,Jeans,BOSS00292,Pants,BOSS00611,Shoes,,
OUTFIT00604,Business,4,BOSS00404,Trousers,BOSS00205,Shirts,BOSS00616,Shoes,BOSS00816,Belts,,
OUTFIT00605,Smart-Casual,3,BOSS00188,Shirts,BOSS00304,Pants,BOSS00600,Shoes,,,,
OUTFIT00606,Smart-Casual,3,BOSS00279,Blazers,BOSS00313,Pants,BOSS00638,Shoes,,,,
OUTFIT00607,Casual,4,BOSS00078,T-Shirts,BOSS00447,Jeans,BOSS00329,Pants,BOSS00611,Shoes,,
OUTFIT00608,Smart-Casual,4,BOSS00164,Shirts,BOSS00309,Pants,BOSS00581,Shoes,BOSS00841,Belts,,
OUTFIT00609,Smart-Casual,4,BOSS00172,Shirts,BOSS00330,Pants,BOSS00594,Shoes,BOSS00858,Belts,,
OUTFIT00610,Casual,3,BOSS00136,T-Shirts,BOSS00437,Jeans,BOSS00347,Pants,,,,
OUTFIT00611,Business,4,BOSS00362,Trousers,BOSS00210,Shirts,BOSS00589,Shoes,BOSS00811,Belts,,
OUTFIT00612,Formal,4,BOSS00227,Blazers,BOSS00421,Trousers,BOSS00167,Shirts,BOSS00611,Shoes,,
OUTFIT00613,Smart-Casual,3,BOSS00285,Blazers,BOSS00305,Pants,BOSS00639,Shoes,,,,
OUTFIT00614,Formal,4,BOSS00242,Blazers,BOSS00369,Trousers,BOSS00171,Shirts,BOSS00639,Shoes,,
OUTFIT00615,Casual,4,BOSS00054,Hoodies,BOSS00478,Jeans,BOSS00351,Pants,BOSS00588,Shoes,,
OUTFIT00616,Smart-Casual,3,BOSS00226,Blazers,BOSS00297,Pants,BOSS00598,Shoes,,,,
OUTFIT00617,Formal,4,BOSS00258,Blazers,BOSS00400,Trousers,BOSS00169,Shirts,BOSS00633,Shoes,,
OUTFIT00618,Casual,4,BOSS00080,T-Shirts,BOSS00435,Jeans,BOSS00307,Pants,BOSS00609,Shoes,,
OUTFIT00619,Business,5,BOSS00426,Trousers,BOSS00187,Shirts,BOSS00626,Shoes,BOSS00851,Belts,BOSS00755,Ties
OUTFIT00620,Formal,5,BOSS00243,Blazers,BOSS00419,Trousers,BOSS00207,Shirts,BOSS00595,Shoes,BOSS00820,Belts
OUTFIT00621,Formal,4,BOSS00244,Blazers,BOSS00384,Trousers,BOSS00211,Shirts,BOSS00604,Shoes,,
OUTFIT00622,Business,5,BOSS00393,Trousers,BOSS00166,Shirts,BOSS00621,Shoes,BOSS00853,Belts,BOSS00739,Ties
OUTFIT00623,Smart-Casual,3,BOSS00166,Shirts,BOSS00333,Pants,BOSS00641,Shoes,,,,
OUTFIT00624,Business,5,BOSS00239,Blazers,BOSS00192,Shirts,BOSS00589,Shoes,BOSS00847,Belts,BOSS00746,Ties
OUTFIT00625,Smart-Casual,4,BOSS00270,Blazers,BOSS00325,Pants,BOSS00619,Shoes,BOSS00791,Belts,,
OUTFIT00626,Formal,5,BOSS00249,Blazers,BOSS00406,Trousers,BOSS00172,Shirts,BOSS00639,Shoes,BOSS00809,Belts
OUTFIT00627,Formal,5,BOSS00234,Blazers,BOSS00373,Trousers,BOSS00163,Shirts,BOSS00628,Shoes,BOSS00737,Ties
OUTFIT00628,Casual,3,BOSS00005,Hoodies,BOSS00481,Jeans,BOSS00314,Pants,,,,
OUTFIT00629,Smart-Casual,3,BOSS00179,Shirts,BOSS00316,Pants,BOSS00600,Shoes,,,,
OUTFIT00630,Formal,4,BOSS00250,Blazers,BOSS00380,Trousers,BOSS00151,Shirts,BOSS00584,Shoes,,
OUTFIT00631,Business,4,BOSS00273,Blazers,BOSS00170,Shirts,BOSS00617,Shoes,BOSS00813,Belts,,
OUTFIT00632,Formal,5,BOSS00221,Blazers,BOSS00405,Trousers,BOSS00159,Shirts,BOSS00601,Shoes,BOSS00785,Ties
OUTFIT00633,Smart-Casual,4,BOSS00274,Blazers,BOSS00320,Pants,BOSS00631,Shoes,BOSS00814,Belts,,
OUTFIT00634,Business,4,BOSS00423,Trousers,BOSS00173,Shirts,BOSS00600,Shoes,BOSS00846,Belts,,
OUTFIT00635,Casual,4,BOSS00006,Hoodies,BOSS00444,Jeans,BOSS00314,Pants,BOSS00643,Shoes,,
OUTFIT00636,Formal,4,BOSS00269,Blazers,BOSS00432,Trousers,BOSS00167,Shirts,BOSS00636,Shoes,,
OUTFIT00637,Casual,3,BOSS00071,Hoodies,BOSS00447,Jeans,BOSS00321,Pants,,,,
OUTFIT00638,Smart-Casual,3,BOSS00173,Shirts,BOSS00329,Pants,BOSS00585,Shoes,,,,
OUTFIT00639,Casual,4,BOSS00076,T-Shirts,BOSS00478,Jeans,BOSS00293,Pants,BOSS00586,Shoes,,
OUTFIT00640,Formal,5,BOSS00233,Blazers,BOSS00419,Trousers,BOSS00215,Shirts,BOSS00586,Shoes,BOSS00790,Belts
OUTFIT00641,Formal,5,BOSS00269,Blazers,BOSS00385,Trousers,BOSS00196,Shirts,BOSS00617,Shoes,BOSS00748,Ties
OUTFIT00642,Formal,4,BOSS00222,Blazers,BOSS00432,Trousers,BOSS00188,Shirts,BOSS00644,Shoes,,
OUTFIT00643,Smart-Casual,4,BOSS00287,Blazers,BOSS00333,Pants,BOSS00580,Shoes,BOSS00806,Belts,,
OUTFIT00644,Smart-Casual,4,BOSS00155,Shirts,BOSS00348,Pants,BOSS00642,Shoes,BOSS00858,Belts,,
OUTFIT00645,Smart-Casual,4,BOSS00206,Shirts,BOSS00326,Pants,BOSS00589,Shoes,BOSS00804,Belts,,
OUTFIT00646,Smart-Casual,4,BOSS00245,Blazers,BOSS00295,Pants,BOSS00641,Shoes,BOSS00812,Belts,,
OUTFIT00647,Casual,4,BOSS00132,T-Shirts,BOSS00475,Jeans,BOSS00337,Pants,BOSS00619,Shoes,,
OUTFIT00648,Formal,5,BOSS00246,Blazers,BOSS00376,Trousers,BOSS00171,Shirts,BOSS00624,Shoes,BOSS00849,Belts
OUTFIT00649,Formal,5,BOSS00230,Blazers,BOSS00392,Trousers,BOSS00192,Shirts,BOSS00639,Shoes,BOSS00755,Ties
OUTFIT00650,Formal,5,BOSS00252,Blazers,BOSS00406,Trousers,BOSS00216,Shirts,BOSS00587,Shoes,BOSS00769,Ties
OUTFIT00651,Smart-Casual,4,BOSS00193,Shirts,BOSS00347,Pants,BOSS00631,Shoes,BOSS00830,Belts,,
OUTFIT00652,Formal,5,BOSS00240,Blazers,BOSS00421,Trousers,BOSS00178,Shirts,BOSS00639,Shoes,BOSS00791,Belts
OUTFIT00653,Smart-Casual,3,BOSS00249,Blazers,BOSS00304,Pants,BOSS00611,Shoes,,,,
OUTFIT00654,Business,5,BOSS00428,Trousers,BOSS00205,Shirts,BOSS00636,Shoes,BOSS00811,Belts,BOSS00727,Ties
OUTFIT00655,Smart-Casual,3,BOSS00170,Shirts,BOSS00343,Pants,BOSS00620,Shoes,,,,
OUTFIT00656,Smart-Casual,4,BOSS00225,Blazers,BOSS00354,Pants,BOSS00576,Shoes,BOSS00822,Belts,,
OUTFIT00657,Smart-Casual,4,BOSS00201,Shirts,BOSS00345,Pants,BOSS00585,Shoes,BOSS00818,Belts,,
OUTFIT00658,Casual,3,BOSS00097,T-Shirts,BOSS00498,Jeans,BOSS00317,Pants,,,,
OUTFIT00659,Formal,5,BOSS00226,Blazers,BOSS00374,Trousers,BOSS00163,Shirts,BOSS00601,Shoes,BOSS00800,Belts
OUTFIT00660,Casual,4,BOSS00029,Hoodies,BOSS00446,Jeans,BOSS00317,Pants,BOSS00621,Shoes,,
OUTFIT00661,Casual,3,BOSS00100,T-Shirts,BOSS00490,Jeans,BOSS00293,Pants,,,,
OUTFIT00662,Casual,4,BOSS00010,Hoodies,BOSS00452,Jeans,BOSS00338,Pants,BOSS00609,Shoes,,
OUTFIT00663,Casual,4,BOSS00006,Hoodies,BOSS00448,Jeans,BOSS00328,Pants,BOSS00634,Shoes,,
OUTFIT00664,Formal,5,BOSS00220,Blazers,BOSS00405,Trousers,BOSS00167,Shirts,BOSS00606,Shoes,BOSS00789,Belts
OUTFIT00665,Casual,3,BOSS00139,T-Shirts,BOSS00490,Jeans,BOSS00324,Pants,,,,
OUTFIT00666,Formal,5,BOSS00218,Blazers,BOSS00400,Trousers,BOSS00149,Shirts,BOSS00640,Shoes,BOSS00789,Belts
OUTFIT00667,Business,4,BOSS00262,Blazers,BOSS00209,Shirts,BOSS00619,Shoes,BOSS00854,Belts,,
OUTFIT00668,Business,4,BOSS00260,Blazers,BOSS00168,Shirts,BOSS00638,Shoes,BOSS00798,Belts,,
OUTFIT00669,Business,5,BOSS00416,Trousers,BOSS00172,Shirts,BOSS00609,Shoes,BOSS00807,Belts,BOSS00775,Ties
OUTFIT00670,Formal,5,BOSS00222,Blazers,BOSS00389,Trousers,BOSS00205,Shirts,BOSS00610,Shoes,BOSS00785,Ties
OUTFIT00671,Casual,4,BOSS00083,T-Shirts,BOSS00469,Jeans,BOSS00353,Pants,BOSS00589,Shoes,,
OUTFIT00672,Smart-Casual,3,BOSS00167,Shirts,BOSS00326,Pants,BOSS00621,Shoes,,,,
OUTFIT00673,Formal,4,BOSS00253,Blazers,BOSS00419,Trousers,BOSS00147,Shirts,BOSS00619,Shoes,,
OUTFIT00674,Formal,4,BOSS00219,Blazers,BOSS00386,Trousers,BOSS00170,Shirts,BOSS00636,Shoes,,
OUTFIT00675,Smart-Casual,4,BOSS00161,Shirts,BOSS00329,Pants,BOSS00633,Shoes,BOSS00806,Belts,,
OUTFIT00676,Business,5,BOSS00254,Blazers,BOSS00169,Shirts,BOSS00623,Shoes,BOSS00814,Belts,BOSS00787,Ties
OUTFIT00677,Smart-Casual,4,BOSS00219,Blazers,BOSS00338,Pants,BOSS00590,Shoes,BOSS00843,Belts,,
OUTFIT00678,Smart-Casual,4,BOSS00214,Shirts,BOSS00345,Pants,BOSS00622,Shoes,BOSS00830,Belts,,
OUTFIT00679,Business,4,BOSS00282,Blazers,BOSS00182,Shirts,BOSS00629,Shoes,BOSS00854,Belts,,
OUTFIT00680,Formal,4,BOSS00282,Blazers,BOSS00385,Trousers,BOSS00158,Shirts,BOSS00587,Shoes,,
OUTFIT00681,Formal,4,BOSS00261,Blazers,BOSS00371,Trousers,BOSS00179,Shirts,BOSS00579,Shoes,,
OUTFIT00682,Smart-Casual,4,BOSS00187,Shirts,BOSS00307,Pants,BOSS00640,Shoes,BOSS00858,Belts,,
OUTFIT00683,Formal,5,BOSS00250,Blazers,BOSS00402,Trousers,BOSS00191,Shirts,BOSS00639,Shoes,BOSS00838,Belts
OUTFIT00684,Casual,3,BOSS00008,Hoodies,BOSS00450,Jeans,BOSS00316,Pants,,,,
OUTFIT00685,Formal,5,BOSS00288,Blazers,BOSS00426,Trousers,BOSS00156,Shirts,BOSS00644,Shoes,BOSS00854,Belts
OUTFIT00686,Business,5,BOSS00256,Blazers,BOSS00211,Shirts,BOSS00594,Shoes,BOSS00798,Belts,BOSS00785,Ties
OUTFIT00687,Business,4,BOSS00232,Blazers,BOSS00170,Shirts,BOSS00591,Shoes,BOSS00809,Belts,,
OUTFIT00688,Smart-Casual,4,BOSS00161,Shirts,BOSS00335,Pants,BOSS00632,Shoes,BOSS00848,Belts,,
OUTFIT00689,Casual,3,BOSS00105,T-Shirts,BOSS00440,Jeans,BOSS00337,Pants,,,,
OUTFIT00690,Smart-Casual,3,BOSS00239,Blazers,BOSS00316,Pants,BOSS00611,Shoes,,,,
OUTFIT00691,Business,5,BOSS00415,Trousers,BOSS00209,Shirts,BOSS00630,Shoes,BOSS00851,Belts,BOSS00763,Ties
OUTFIT00692,Casual,4,BOSS00098,T-Shirts,BOSS00468,Jeans,BOSS00324,Pants,BOSS00618,Shoes,,
OUTFIT00693,Formal,5,BOSS00223,Blazers,BOSS00398,Trousers,BOSS00178,Shirts,BOSS00642,Shoes,BOSS00717,Ties
OUTFIT00694,Smart-Casual,4,BOSS00255,Blazers,BOSS00343,Pants,BOSS00638,Shoes,BOSS00809,Belts,,
OUTFIT00695,Casual,4,BOSS00125,T-Shirts,BOSS00488,Jeans,BOSS00327,Pants,BOSS00604,Shoes,,
OUTFIT00696,Business,5,BOSS00238,Blazers,BOSS00205,Shirts,BOSS00597,Shoes,BOSS00851,Belts,BOSS00775,Ties
OUTFIT00697,Business,5,BOSS00272,Blazers,BOSS00167,Shirts,BOSS00636,Shoes,BOSS00837,Belts,BOSS00725,Ties
OUTFIT00698,Business,4,BOSS00226,Blazers,BOSS00148,Shirts,BOSS00585,Shoes,BOSS00800,Belts,,
OUTFIT00699,Smart-Casual,3,BOSS00158,Shirts,BOSS00335,Pants,BOSS00593,Shoes,,,,
OUTFIT00700,Formal,4,BOSS00255,Blazers,BOSS00407,Trousers,BOSS00173,Shirts,BOSS00638,Shoes,,
OUTFIT00701,Casual,3,BOSS00003,Hoodies,BOSS00456,Jeans,BOSS00316,Pants,,,,
OUTFIT00702,Casual,3,BOSS00039,Hoodies,BOSS00446,Jeans,BOSS00309,Pants,,,,
OUTFIT00703,Business,5,BOSS00407,Trousers,BOSS00216,Shirts,BOSS00619,Shoes,BOSS00807,Belts,BOSS00762,Ties
OUTFIT00704,Smart-Casual,3,BOSS00164,Shirts,BOSS00311,Pants,BOSS00577,Shoes,,,,
OUTFIT00705,Business,4,BOSS00283,Blazers,BOSS00175,Shirts,BOSS00609,Shoes,BOSS00849,Belts,,
OUTFIT00706,Casual,4,BOSS00005,Hoodies,BOSS00467,Jeans,BOSS00330,Pants,BOSS00630,Shoes,,
OUTFIT00707,Formal,5,BOSS00240,Blazers,BOSS00389,Trousers,BOSS00207,Shirts,BOSS00636,Shoes,BOSS00770,Ties
OUTFIT00708,Business,4,BOSS00272,Blazers,BOSS00173,Shirts,BOSS00614,Shoes,BOSS00858,Belts,,
OUTFIT00709,Casual,3,BOSS00099,T-Shirts,BOSS00488,Jeans,BOSS00344,Pants,,,,
OUTFIT00710,Smart-Casual,3,BOSS00253,Blazers,BOSS00345,Pants,BOSS00615,Shoes,,,,
OUTFIT00711,Formal,4,BOSS00249,Blazers,BOSS00384,Trousers,BOSS00181,Shirts,BOSS00587,Shoes,,
OUTFIT00712,Casual,4,BOSS00021,Hoodies,BOSS00444,Jeans,BOSS00323,Pants,BOSS00637,Shoes,,
OUTFIT00713,Casual,4,BOSS00143,T-Shirts,BOSS00462,Jeans,BOSS00305,Pants,BOSS00627,Shoes,,
OUTFIT00714,Business,5,BOSS00406,Trousers,BOSS00192,Shirts,BOSS00583,Shoes,BOSS00807,Belts,BOSS00717,Ties
OUTFIT00715,Smart-Casual,4,BOSS00178,Shirts,BOSS00309,Pants,BOSS00632,Shoes,BOSS00843,Belts,,
OUTFIT00716,Smart-Casual,4,BOSS00242,Blazers,BOSS00309,Pants,BOSS00585,Shoes,BOSS00788,Belts,,
OUTFIT00717,Casual,3,BOSS00107,T-Shirts,BOSS00479,Jeans,BOSS00356,Pants,,,,
OUTFIT00718,Business,5,BOSS00387,Trousers,BOSS00202,Shirts,BOSS00636,Shoes,BOSS00854,Belts,BOSS00746,Ties
OUTFIT00719,Smart-Casual,4,BOSS00280,Blazers,BOSS00346,Pants,BOSS00609,Shoes,BOSS00799,Belts,,
OUTFIT00720,Smart-Casual,3,BOSS00222,Blazers,BOSS00302,Pants,BOSS00643,Shoes,,,,
OUTFIT00721,Formal,4,BOSS00265,Blazers,BOSS00373,Trousers,BOSS00192,Shirts,BOSS00642,Shoes,,
OUTFIT00722,Casual,3,BOSS00133,T-Shirts,BOSS00452,Jeans,BOSS00327,Pants,,,,
OUTFIT00723,Casual,3,BOSS00051,Hoodies,BOSS00456,Jeans,BOSS00305,Pants,,,,
OUTFIT00724,Casual,3,BOSS00085,T-Shirts,BOSS00480,Jeans,BOSS00303,Pants,,,,
OUTFIT00725,Formal,4,BOSS00245,Blazers,BOSS00415,Trousers,BOSS00186,Shirts,BOSS00638,Shoes,,
OUTFIT00726,Smart-Casual,4,BOSS00258,Blazers,BOSS00312,Pants,BOSS00587,Shoes,BOSS00808,Belts,,
OUTFIT00727,Business,5,BOSS00255,Blazers,BOSS00167,Shirts,BOSS00638,Shoes,BOSS00824,Belts,BOSS00770,Ties
OUTFIT00728,Smart-Casual,4,BOSS00282,Blazers,BOSS00292,Pants,BOSS00593,Shoes,BOSS00838,Belts,,
OUTFIT00729,Formal,5,BOSS00261,Blazers,BOSS00431,Trousers,BOSS00213,Shirts,BOSS00581,Shoes,BOSS00741,Ties
OUTFIT00730,Business,4,BOSS00222,Blazers,BOSS00210,Shirts,BOSS00640,Shoes,BOSS00818,Belts,,
OUTFIT00731,Smart-Casual,3,BOSS00198,Shirts,BOSS00343,Pants,BOSS00624,Shoes,,,,
OUTFIT00732,Formal,4,BOSS00228,Blazers,BOSS00394,Trousers,BOSS00184,Shirts,BOSS00623,Shoes,,
OUTFIT00733,Business,4,BOSS00430,Trousers,BOSS00192,Shirts,BOSS00587,Shoes,BOSS00840,Belts,,
OUTFIT00734,Smart-Casual,3,BOSS00223,Blazers,BOSS00329,Pants,BOSS00638,Shoes,,,,
OUTFIT00735,Smart-Casual,4,BOSS00277,Blazers,BOSS00293,Pants,BOSS00576,Shoes,BOSS00830,Belts,,
OUTFIT00736,Formal,4,BOSS00226,Blazers,BOSS00364,Trousers,BOSS00156,Shirts,BOSS00592,Shoes,,
OUTFIT00737,Formal,5,BOSS00256,Blazers,BOSS00388,Trousers,BOSS00179,Shirts,BOSS00579,Shoes,BOSS00821,Belts
OUTFIT00738,Business,4,BOSS00399,Trousers,BOSS00212,Shirts,BOSS00593,Shoes,BOSS00790,Belts,,
OUTFIT00739,Smart-Casual,4,BOSS00267,Blazers,BOSS00305,Pants,BOSS00594,Shoes,BOSS00795,Belts,,
OUTFIT00740,Formal,4,BOSS00247,Blazers,BOSS00396,Trousers,BOSS00152,Shirts,BOSS00579,Shoes,,
OUTFIT00741,Casual,3,BOSS00132,T-Shirts,BOSS00439,Jeans,BOSS00315,Pants,,,,
OUTFIT00742,Casual,4,BOSS00031,Hoodies,BOSS00479,Jeans,BOSS00344,Pants,BOSS00618,Shoes,,
OUTFIT00743,Formal,4,BOSS00276,Blazers,BOSS00415,Trousers,BOSS00183,Shirts,BOSS00579,Shoes,,
OUTFIT00744,Formal,4,BOSS00240,Blazers,BOSS00406,Trousers,BOSS00167,Shirts,BOSS00630,Shoes,,
OUTFIT00745,Business,4,BOSS00271,Blazers,BOSS00158,Shirts,BOSS00597,Shoes,BOSS00814,Belts,,
OUTFIT00746,Business,5,BOSS00251,Blazers,BOSS00211,Shirts,BOSS00599,Shoes,BOSS00796,Belts,BOSS00717,Ties
OUTFIT00747,Formal,5,BOSS00259,Blazers,BOSS00420,Trousers,BOSS00213,Shirts,BOSS00637,Shoes,BOSS00821,Belts
OUTFIT00748,Formal,5,BOSS00262,Blazers,BOSS00385,Trousers,BOSS00156,Shirts,BOSS00619,Shoes,BOSS00790,Belts
OUTFIT00749,Casual,4,BOSS00019,Hoodies,BOSS00479,Jeans,BOSS00354,Pants,BOSS00639,Shoes,,
OUTFIT00750,Smart-Casual,3,BOSS00218,Blazers,BOSS00324,Pants,BOSS00606,Shoes,,,,
OUTFIT00751,Formal,5,BOSS00218,Blazers,BOSS00385,Trousers,BOSS00211,Shirts,BOSS00592,Shoes,BOSS00792,Belts
OUTFIT00752,Casual,4,BOSS00048,Hoodies,BOSS00491,Jeans,BOSS00316,Pants,BOSS00617,Shoes,,
OUTFIT00753,Casual,4,BOSS00132,T-Shirts,BOSS00474,Jeans,BOSS00337,Pants,BOSS00579,Shoes,,
OUTFIT00754,Smart-Casual,3,BOSS00192,Shirts,BOSS00294,Pants,BOSS00636,Shoes,,,,
OUTFIT00755,Casual,3,BOSS00014,Hoodies,BOSS00496,Jeans,BOSS00333,Pants,,,,
OUTFIT00756,Formal,4,BOSS00233,Blazers,BOSS00414,Trousers,BOSS00207,Shirts,BOSS00609,Shoes,,
OUTFIT00757,Casual,4,BOSS00127,T-Shirts,BOSS00454,Jeans,BOSS00323,Pants,BOSS00616,Shoes,,
OUTFIT00758,Smart-Casual,4,BOSS00226,Blazers,BOSS00352,Pants,BOSS00588,Shoes,BOSS00847,Belts,,
OUTFIT00759,Casual,4,BOSS00083,T-Shirts,BOSS00473,Jeans,BOSS00327,Pants,BOSS00586,Shoes,,
OUTFIT00760,Smart-Casual,3,BOSS00227,Blazers,BOSS00296,Pants,BOSS00596,Shoes,,,,
OUTFIT00761,Casual,4,BOSS00091,T-Shirts,BOSS00442,Jeans,BOSS00329,Pants,BOSS00643,Shoes,,
OUTFIT00762,Casual,4,BOSS00002,Hoodies,BOSS00462,Jeans,BOSS00329,Pants,BOSS00638,Shoes,,
OUTFIT00763,Business,5,BOSS00286,Blazers,BOSS00163,Shirts,BOSS00629,Shoes,BOSS00789,Belts,BOSS00765,Ties
OUTFIT00764,Casual,3,BOSS00005,Hoodies,BOSS00473,Jeans,BOSS00323,Pants,,,,
OUTFIT00765,Casual,4,BOSS00098,T-Shirts,BOSS00477,Jeans,BOSS00344,Pants,BOSS00639,Shoes,,
OUTFIT00766,Casual,4,BOSS00131,T-Shirts,BOSS00456,Jeans,BOSS00333,Pants,BOSS00578,Shoes,,
OUTFIT00767,Business,4,BOSS00361,Trousers,BOSS00151,Shirts,BOSS00578,Shoes,BOSS00791,Belts,,
OUTFIT00768,Formal,4,BOSS00226,Blazers,BOSS00409,Trousers,BOSS00148,Shirts,BOSS00629,Shoes,,
OUTFIT00769,Formal,5,BOSS00221,Blazers,BOSS00415,Trousers,BOSS00211,Shirts,BOSS00604,Shoes,BOSS00828,Belts
OUTFIT00770,Business,5,BOSS00260,Blazers,BOSS00168,Shirts,BOSS00617,Shoes,BOSS00790,Belts,BOSS00750,Ties
OUTFIT00771,Formal,5,BOSS00286,Blazers,BOSS00373,Trousers,BOSS00151,Shirts,BOSS00591,Shoes,BOSS00814,Belts
OUTFIT00772,Formal,4,BOSS00259,Blazers,BOSS00424,Trousers,BOSS00213,Shirts,BOSS00600,Shoes,,
OUTFIT00773,Formal,5,BOSS00265,Blazers,BOSS00373,Trousers,BOSS00186,Shirts,BOSS00629,Shoes,BOSS00792,Belts
OUTFIT00774,Formal,5,BOSS00221,Blazers,BOSS00414,Trousers,BOSS00205,Shirts,BOSS00627,Shoes,BOSS00739,Ties
OUTFIT00775,Business,5,BOSS00414,Trousers,BOSS00173,Shirts,BOSS00611,Shoes,BOSS00820,Belts,BOSS00755,Ties
OUTFIT00776,Formal,4,BOSS00275,Blazers,BOSS00369,Trousers,BOSS00147,Shirts,BOSS00604,Shoes,,
OUTFIT00777,Formal,4,BOSS00267,Blazers,BOSS00371,Trousers,BOSS00180,Shirts,BOSS00594,Shoes,,
OUTFIT00778,Business,5,BOSS00403,Trousers,BOSS00159,Shirts,BOSS00605,Shoes,BOSS00813,Belts,BOSS00786,Ties
OUTFIT00779,Business,5,BOSS00239,Blazers,BOSS00211,Shirts,BOSS00581,Shoes,BOSS00820,Belts,BOSS00735,Ties
OUTFIT00780,Formal,4,BOSS00228,Blazers,BOSS00402,Trousers,BOSS00151,Shirts,BOSS00622,Shoes,,
OUTFIT00781,Casual,3,BOSS00002,Hoodies,BOSS00486,Jeans,BOSS00320,Pants,,,,
OUTFIT00782,Formal,4,BOSS00242,Blazers,BOSS00384,Trousers,BOSS00172,Shirts,BOSS00596,Shoes,,
OUTFIT00783,Business,4,BOSS00271,Blazers,BOSS00191,Shirts,BOSS00579,Shoes,BOSS00818,Belts,,
OUTFIT00784,Casual,4,BOSS00089,T-Shirts,BOSS00467,Jeans,BOSS00319,Pants,BOSS00591,Shoes,,
OUTFIT00785,Smart-Casual,3,BOSS00193,Shirts,BOSS00340,Pants,BOSS00584,Shoes,,,,
OUTFIT00786,Casual,3,BOSS00093,T-Shirts,BOSS00469,Jeans,BOSS00355,Pants,,,,
OUTFIT00787,Formal,4,BOSS00251,Blazers,BOSS00375,Trousers,BOSS00188,Shirts,BOSS00617,Shoes,,
OUTFIT00788,Formal,4,BOSS00277,Blazers,BOSS00373,Trousers,BOSS00186,Shirts,BOSS00634,Shoes,,
OUTFIT00789,Smart-Casual,3,BOSS00243,Blazers,BOSS00354,Pants,BOSS00618,Shoes,,,,
OUTFIT00790,Casual,3,BOSS00085,T-Shirts,BOSS00448,Jeans,BOSS00314,Pants,,,,
OUTFIT00791,Casual,4,BOSS00084,T-Shirts,BOSS00443,Jeans,BOSS00305,Pants,BOSS00585,Shoes,,
OUTFIT00792,Smart-Casual,4,BOSS00170,Shirts,BOSS00308,Pants,BOSS00589,Shoes,BOSS00828,Belts,,
OUTFIT00793,Business,5,BOSS00384,Trousers,BOSS00167,Shirts,BOSS00620,Shoes,BOSS00848,Belts,BOSS00783,Ties
OUTFIT00794,Formal,4,BOSS00224,Blazers,BOSS00389,Trousers,BOSS00159,Shirts,BOSS00588,Shoes,,
OUTFIT00795,Casual,4,BOSS00104,T-Shirts,BOSS00448,Jeans,BOSS00303,Pants,BOSS00607,Shoes,,
OUTFIT00796,Smart-Casual,3,BOSS00262,Blazers,BOSS00345,Pants,BOSS00586,Shoes,,,,
OUTFIT00797,Formal,5,BOSS00250,Blazers,BOSS00405,Trousers,BOSS00170,Shirts,BOSS00637,Shoes,BOSS00749,Ties
OUTFIT00798,Formal,5,BOSS00246,Blazers,BOSS00421,Trousers,BOSS00178,Shirts,BOSS00614,Shoes,BOSS00849,Belts
OUTFIT00799,Casual,4,BOSS00121,T-Shirts,BOSS00500,Jeans,BOSS00296,Pants,BOSS00611,Shoes,,
OUTFIT00800,Casual,4,BOSS00104,T-Shirts,BOSS00454,Jeans,BOSS00342,Pants,BOSS00634,Shoes,,
OUTFIT00801,Formal,4,BOSS00236,Blazers,BOSS00388,Trousers,BOSS00176,Shirts,BOSS00627,Shoes,,
OUTFIT00802,Smart-Casual,3,BOSS00260,Blazers,BOSS00319,Pants,BOSS00636,Shoes,,,,
OUTFIT00803,Casual,4,BOSS00084,T-Shirts,BOSS00452,Jeans,BOSS00316,Pants,BOSS00589,Shoes,,
OUTFIT00804,Casual,3,BOSS00034,Hoodies,BOSS00457,Jeans,BOSS00303,Pants,,,,
OUTFIT00805,Casual,3,BOSS00124,T-Shirts,BOSS00477,Jeans,BOSS00314,Pants,,,,
OUTFIT00806,Smart-Casual,4,BOSS00145,Shirts,BOSS00304,Pants,BOSS00604,Shoes,BOSS00822,Belts,,
OUTFIT00807,Formal,5,BOSS00288,Blazers,BOSS00378,Trousers,BOSS00201,Shirts,BOSS00633,Shoes,BOSS00749,Ties
OUTFIT00808,Formal,5,BOSS00285,Blazers,BOSS00407,Trousers,BOSS00211,Shirts,BOSS00627,Shoes,BOSS00717,Ties
OUTFIT00809,Business,4,BOSS00245,Blazers,BOSS00186,Shirts,BOSS00636,Shoes,BOSS00838,Belts,,
OUTFIT00810,Business,5,BOSS00286,Blazers,BOSS00155,Shirts,BOSS00586,Shoes,BOSS00858,Belts,BOSS00769,Ties
OUTFIT00811,Formal,5,BOSS00261,Blazers,BOSS00382,Trousers,BOSS00181,Shirts,BOSS00627,Shoes,BOSS00770,Ties
OUTFIT00812,Casual,3,BOSS00112,T-Shirts,BOSS00465,Jeans,BOSS00314,Pants,,,,
OUTFIT00813,Casual,3,BOSS00080,T-Shirts,BOSS00439,Jeans,BOSS00314,Pants,,,,
OUTFIT00814,Casual,4,BOSS00057,Hoodies,BOSS00439,Jeans,BOSS00347,Pants,BOSS00643,Shoes,,
OUTFIT00815,Casual,4,BOSS00020,Hoodies,BOSS00440,Jeans,BOSS00294,Pants,BOSS00633,Shoes,,
OUTFIT00816,Casual,3,BOSS00083,T-Shirts,BOSS00446,Jeans,BOSS00357,Pants,,,,
OUTFIT00817,Formal,4,BOSS00226,Blazers,BOSS00415,Trousers,BOSS00191,Shirts,BOSS00605,Shoes,,
OUTFIT00818,Business,4,BOSS00369,Trousers,BOSS00216,Shirts,BOSS00604,Shoes,BOSS00852,Belts,,
OUTFIT00819,Smart-Casual,4,BOSS00172,Shirts,BOSS00346,Pants,BOSS00615,Shoes,BOSS00847,Belts,,
OUTFIT00820,Formal,5,BOSS00277,Blazers,BOSS00415,Trousers,BOSS00174,Shirts,BOSS00619,Shoes,BOSS00717,Ties
OUTFIT00821,Casual,3,BOSS00022,Hoodies,BOSS00444,Jeans,BOSS00345,Pants,,,,
OUTFIT00822,Formal,4,BOSS00284,Blazers,BOSS00406,Trousers,BOSS00177,Shirts,BOSS00591,Shoes,,
OUTFIT00823,Casual,4,BOSS00060,Hoodies,BOSS00455,Jeans,BOSS00354,Pants,BOSS00621,Shoes,,
OUTFIT00824,Smart-Casual,4,BOSS00263,Blazers,BOSS00354,Pants,BOSS00603,Shoes,BOSS00820,Belts,,
OUTFIT00825,Casual,4,BOSS00121,T-Shirts,BOSS00443,Jeans,BOSS00310,Pants,BOSS00638,Shoes,,
OUTFIT00826,Smart-Casual,4,BOSS00202,Shirts,BOSS00298,Pants,BOSS00598,Shoes,BOSS00850,Belts,,
OUTFIT00827,Formal,4,BOSS00280,Blazers,BOSS00382,Trousers,BOSS00211,Shirts,BOSS00581,Shoes,,
OUTFIT00828,Formal,5,BOSS00226,Blazers,BOSS00405,Trousers,BOSS00212,Shirts,BOSS00585,Shoes,BOSS00754,Ties
OUTFIT00829,Smart-Casual,4,BOSS00149,Shirts,BOSS00296,Pants,BOSS00578,Shoes,BOSS00847,Belts,,
OUTFIT00830,Casual,4,BOSS00115,T-Shirts,BOSS00482,Jeans,BOSS00313,Pants,BOSS00636,Shoes,,
OUTFIT00831,Business,4,BOSS00381,Trousers,BOSS00173,Shirts,BOSS00602,Shoes,BOSS00799,Belts,,
OUTFIT00832,Casual,4,BOSS00034,Hoodies,BOSS00486,Jeans,BOSS00303,Pants,BOSS00636,Shoes,,
OUTFIT00833,Formal,5,BOSS00238,Blazers,BOSS00363,Trousers,BOSS00167,Shirts,BOSS00631,Shoes,BOSS00749,Ties
OUTFIT00834,Formal,4,BOSS00219,Blazers,BOSS00411,Trousers,BOSS00203,Shirts,BOSS00592,Shoes,,
OUTFIT00835,Casual,4,BOSS00023,Hoodies,BOSS00442,Jeans,BOSS00305,Pants,BOSS00601,Shoes,,
OUTFIT00836,Casual,3,BOSS00085,T-Shirts,BOSS00434,Jeans,BOSS00338,Pants,,,,
OUTFIT00837,Formal,5,BOSS00240,Blazers,BOSS00388,Trousers,BOSS00215,Shirts,BOSS00594,Shoes,BOSS00798,Belts
OUTFIT00838,Casual,3,BOSS00078,T-Shirts,BOSS00454,Jeans,BOSS00314,Pants,,,,
OUTFIT00839,Business,4,BOSS00396,Trousers,BOSS00189,Shirts,BOSS00636,Shoes,BOSS00825,Belts,,
OUTFIT00840,Formal,4,BOSS00273,Blazers,BOSS00401,Trousers,BOSS00148,Shirts,BOSS00601,Shoes,,
OUTFIT00841,Formal,5,BOSS00218,Blazers,BOSS00411,Trousers,BOSS00201,Shirts,BOSS00640,Shoes,BOSS00858,Belts
OUTFIT00842,Smart-Casual,3,BOSS00267,Blazers,BOSS00333,Pants,BOSS00585,Shoes,,,,
OUTFIT00843,Business,4,BOSS00270,Blazers,BOSS00159,Shirts,BOSS00587,Shoes,BOSS00811,Belts,,
OUTFIT00844,Formal,5,BOSS00269,Blazers,BOSS00391,Trousers,BOSS00210,Shirts,BOSS00616,Shoes,BOSS00802,Belts
OUTFIT00845,Casual,4,BOSS00026,Hoodies,BOSS00440,Jeans,BOSS00351,Pants,BOSS00587,Shoes,,
OUTFIT00846,Casual,4,BOSS00097,T-Shirts,BOSS00488,Jeans,BOSS00346,Pants,BOSS00580,Shoes,,
OUTFIT00847,Business,5,BOSS00229,Blazers,BOSS00167,Shirts,BOSS00604,Shoes,BOSS00817,Belts,BOSS00739,Ties
OUTFIT00848,Business,5,BOSS00250,Blazers,BOSS00170,Shirts,BOSS00584,Shoes,BOSS00827,Belts,BOSS00742,Ties
OUTFIT00849,Business,5,BOSS00222,Blazers,BOSS00191,Shirts,BOSS00619,Shoes,BOSS00839,Belts,BOSS00748,Ties
OUTFIT00850,Smart-Casual,3,BOSS00280,Blazers,BOSS00359,Pants,BOSS00581,Shoes,,,,
OUTFIT00851,Business,4,BOSS00238,Blazers,BOSS00148,Shirts,BOSS00644,Shoes,BOSS00836,Belts,,
OUTFIT00852,Formal,5,BOSS00243,Blazers,BOSS00382,Trousers,BOSS00216,Shirts,BOSS00615,Shoes,BOSS00762,Ties
OUTFIT00853,Business,5,BOSS00245,Blazers,BOSS00155,Shirts,BOSS00588,Shoes,BOSS00827,Belts,BOSS00733,Ties
OUTFIT00854,Casual,4,BOSS00029,Hoodies,BOSS00451,Jeans,BOSS00346,Pants,BOSS00589,Shoes,,
OUTFIT00855,Business,5,BOSS00272,Blazers,BOSS00198,Shirts,BOSS00615,Shoes,BOSS00853,Belts,BOSS00766,Ties
OUTFIT00856,Casual,3,BOSS00017,Hoodies,BOSS00499,Jeans,BOSS00322,Pants,,,,
OUTFIT00857,Formal,4,BOSS00287,Blazers,BOSS00397,Trousers,BOSS00188,Shirts,BOSS00600,Shoes,,
OUTFIT00858,Casual,3,BOSS00054,Hoodies,BOSS00467,Jeans,BOSS00351,Pants,,,,
OUTFIT00859,Smart-Casual,4,BOSS00279,Blazers,BOSS00313,Pants,BOSS00613,Shoes,BOSS00834,Belts,,
OUTFIT00860,Smart-Casual,4,BOSS00191,Shirts,BOSS00329,Pants,BOSS00623,Shoes,BOSS00831,Belts,,
OUTFIT00861,Business,5,BOSS00416,Trousers,BOSS00190,Shirts,BOSS00585,Shoes,BOSS00806,Belts,BOSS00739,Ties
OUTFIT00862,Smart-Casual,4,BOSS00206,Shirts,BOSS00333,Pants,BOSS00585,Shoes,BOSS00805,Belts,,
OUTFIT00863,Business,4,BOSS00241,Blazers,BOSS00215,Shirts,BOSS00591,Shoes,BOSS00828,Belts,,
OUTFIT00864,Smart-Casual,3,BOSS00210,Shirts,BOSS00356,Pants,BOSS00645,Shoes,,,,
OUTFIT00865,Smart-Casual,4,BOSS00211,Shirts,BOSS00330,Pants,BOSS00627,Shoes,BOSS00848,Belts,,
OUTFIT00866,Business,4,BOSS00364,Trousers,BOSS00177,Shirts,BOSS00588,Shoes,BOSS00844,Belts,,
OUTFIT00867,Casual,4,BOSS00053,Hoodies,BOSS00500,Jeans,BOSS00344,Pants,BOSS00596,Shoes,,
OUTFIT00868,Business,5,BOSS00280,Blazers,BOSS00215,Shirts,BOSS00579,Shoes,BOSS00825,Belts,BOSS00775,Ties
OUTFIT00869,Business,4,BOSS00257,Blazers,BOSS00166,Shirts,BOSS00601,Shoes,BOSS00809,Belts,,
OUTFIT00870,Smart-Casual,3,BOSS00174,Shirts,BOSS00303,Pants,BOSS00606,Shoes,,,,
OUTFIT00871,Smart-Casual,4,BOSS00189,Shirts,BOSS00310,Pants,BOSS00594,Shoes,BOSS00808,Belts,,
OUTFIT00872,Business,5,BOSS00415,Trousers,BOSS00170,Shirts,BOSS00607,Shoes,BOSS00802,Belts,BOSS00771,Ties
OUTFIT00873,Casual,4,BOSS00063,Hoodies,BOSS00451,Jeans,BOSS00359,Pants,BOSS00637,Shoes,,
OUTFIT00874,Formal,4,BOSS00248,Blazers,BOSS00386,Trousers,BOSS00205,Shirts,BOSS00610,Shoes,,
OUTFIT00875,Business,4,BOSS00245,Blazers,BOSS00197,Shirts,BOSS00590,Shoes,BOSS00818,Belts,,
OUTFIT00876,Formal,5,BOSS00250,Blazers,BOSS00397,Trousers,BOSS00163,Shirts,BOSS00581,Shoes,BOSS00818,Belts
OUTFIT00877,Formal,5,BOSS00247,Blazers,BOSS00415,Trousers,BOSS00179,Shirts,BOSS00583,Shoes,BOSS00771,Ties
OUTFIT00878,Casual,4,BOSS00096,T-Shirts,BOSS00479,Jeans,BOSS00310,Pants,BOSS00630,Shoes,,
OUTFIT00879,Casual,4,BOSS00093,T-Shirts,BOSS00452,Jeans,BOSS00357,Pants,BOSS00609,Shoes,,
OUTFIT00880,Casual,4,BOSS00072,Hoodies,BOSS00485,Jeans,BOSS00342,Pants,BOSS00641,Shoes,,
OUTFIT00881,Formal,4,BOSS00220,Blazers,BOSS00400,Trousers,BOSS00167,Shirts,BOSS00622,Shoes,,
OUTFIT00882,Casual,4,BOSS00119,T-Shirts,BOSS00462,Jeans,BOSS00291,Pants,BOSS00599,Shoes,,
OUTFIT00883,Smart-Casual,4,BOSS00209,Shirts,BOSS00294,Pants,BOSS00591,Shoes,BOSS00847,Belts,,
OUTFIT00884,Formal,4,BOSS00268,Blazers,BOSS00391,Trousers,BOSS00159,Shirts,BOSS00601,Shoes,,
OUTFIT00885,Business,4,BOSS00222,Blazers,BOSS00188,Shirts,BOSS00642,Shoes,BOSS00847,Belts,,
OUTFIT00886,Casual,4,BOSS00124,T-Shirts,BOSS00498,Jeans,BOSS00351,Pants,BOSS00601,Shoes,,
OUTFIT00887,Business,5,BOSS00268,Blazers,BOSS00191,Shirts,BOSS00584,Shoes,BOSS00854,Belts,BOSS00717,Ties
OUTFIT00888,Smart-Casual,3,BOSS00213,Shirts,BOSS00345,Pants,BOSS00576,Shoes,,,,
OUTFIT00889,Smart-Casual,4,BOSS00216,Shirts,BOSS00346,Pants,BOSS00603,Shoes,BOSS00858,Belts,,
OUTFIT00890,Casual,4,BOSS00144,T-Shirts,BOSS00473,Jeans,BOSS00322,Pants,BOSS00610,Shoes,,
OUTFIT00891,Smart-Casual,4,BOSS00214,Shirts,BOSS00344,Pants,BOSS00580,Shoes,BOSS00799,Belts,,
OUTFIT00892,Formal,4,BOSS00253,Blazers,BOSS00406,Trousers,BOSS00176,Shirts,BOSS00621,Shoes,,
OUTFIT00893,Business,4,BOSS00394,Trousers,BOSS00158,Shirts,BOSS00644,Shoes,BOSS00831,Belts,,
OUTFIT00894,Formal,5,BOSS00217,Blazers,BOSS00413,Trousers,BOSS00200,Shirts,BOSS00584,Shoes,BOSS00802,Belts
OUTFIT00895,Smart-Casual,3,BOSS00178,Shirts,BOSS00346,Pants,BOSS00611,Shoes,,,,
OUTFIT00896,Smart-Casual,3,BOSS00277,Blazers,BOSS00302,Pants,BOSS00634,Shoes,,,,
OUTFIT00897,Business,5,BOSS00414,Trousers,BOSS00165,Shirts,BOSS00630,Shoes,BOSS00841,Belts,BOSS00735,Ties
OUTFIT00898,Formal,5,BOSS00280,Blazers,BOSS00361,Trousers,BOSS00159,Shirts,BOSS00603,Shoes,BOSS00790,Belts
OUTFIT00899,Casual,3,BOSS00132,T-Shirts,BOSS00479,Jeans,BOSS00295,Pants,,,,
OUTFIT00900,Business,5,BOSS00287,Blazers,BOSS00180,Shirts,BOSS00609,Shoes,BOSS00830,Belts,BOSS00723,Ties
OUTFIT00901,Formal,5,BOSS00261,Blazers,BOSS00419,Trousers,BOSS00171,Shirts,BOSS00627,Shoes,BOSS00758,Ties
OUTFIT00902,Business,5,BOSS00229,Blazers,BOSS00214,Shirts,BOSS00577,Shoes,BOSS00799,Belts,BOSS00717,Ties
OUTFIT00903,Smart-Casual,4,BOSS00230,Blazers,BOSS00349,Pants,BOSS00627,Shoes,BOSS00837,Belts,,
OUTFIT00904,Casual,3,BOSS00051,Hoodies,BOSS00450,Jeans,BOSS00304,Pants,,,,
OUTFIT00905,Formal,5,BOSS00241,Blazers,BOSS00389,Trousers,BOSS00189,Shirts,BOSS00585,Shoes,BOSS00805,Belts
OUTFIT00906,Smart-Casual,4,BOSS00282,Blazers,BOSS00351,Pants,BOSS00601,Shoes,BOSS00816,Belts,,
OUTFIT00907,Casual,3,BOSS00134,T-Shirts,BOSS00497,Jeans,BOSS00310,Pants,,,,
OUTFIT00908,Casual,4,BOSS00047,Hoodies,BOSS00466,Jeans,BOSS00348,Pants,BOSS00585,Shoes,,
OUTFIT00909,Formal,4,BOSS00252,Blazers,BOSS00366,Trousers,BOSS00213,Shirts,BOSS00615,Shoes,,
OUTFIT00910,Formal,4,BOSS00274,Blazers,BOSS00383,Trousers,BOSS00161,Shirts,BOSS00606,Shoes,,
OUTFIT00911,Smart-Casual,4,BOSS00197,Shirts,BOSS00303,Pants,BOSS00617,Shoes,BOSS00858,Belts,,
OUTFIT00912,Casual,4,BOSS00063,Hoodies,BOSS00479,Jeans,BOSS00310,Pants,BOSS00587,Shoes,,
OUTFIT00913,Casual,4,BOSS00132,T-Shirts,BOSS00474,Jeans,BOSS00360,Pants,BOSS00645,Shoes,,
OUTFIT00914,Smart-Casual,4,BOSS00184,Shirts,BOSS00345,Pants,BOSS00640,Shoes,BOSS00796,Belts,,
OUTFIT00915,Casual,4,BOSS00130,T-Shirts,BOSS00467,Jeans,BOSS00345,Pants,BOSS00617,Shoes,,
OUTFIT00916,Smart-Casual,3,BOSS00184,Shirts,BOSS00345,Pants,BOSS00590,Shoes,,,,
OUTFIT00917,Formal,4,BOSS00283,Blazers,BOSS00407,Trousers,BOSS00146,Shirts,BOSS00613,Shoes,,
OUTFIT00918,Casual,3,BOSS00130,T-Shirts,BOSS00456,Jeans,BOSS00324,Pants,,,,
OUTFIT00919,Business,5,BOSS00263,Blazers,BOSS00214,Shirts,BOSS00621,Shoes,BOSS00821,Belts,BOSS00769,Ties
OUTFIT00920,Smart-Casual,3,BOSS00280,Blazers,BOSS00344,Pants,BOSS00637,Shoes,,,,
OUTFIT00921,Formal,5,BOSS00261,Blazers,BOSS00366,Trousers,BOSS00181,Shirts,BOSS00638,Shoes,BOSS00749,Ties
OUTFIT00922,Smart-Casual,4,BOSS00222,Blazers,BOSS00342,Pants,BOSS00579,Shoes,BOSS00851,Belts,,
OUTFIT00923,Business,5,BOSS00408,Trousers,BOSS00158,Shirts,BOSS00606,Shoes,BOSS00791,Belts,BOSS00767,Ties
OUTFIT00924,Casual,4,BOSS00122,T-Shirts,BOSS00455,Jeans,BOSS00308,Pants,BOSS00617,Shoes,,
OUTFIT00925,Formal,4,BOSS00264,Blazers,BOSS00375,Trousers,BOSS00147,Shirts,BOSS00615,Shoes,,
OUTFIT00926,Business,4,BOSS00397,Trousers,BOSS00184,Shirts,BOSS00642,Shoes,BOSS00854,Belts,,
OUTFIT00927,Smart-Casual,4,BOSS00210,Shirts,BOSS00346,Pants,BOSS00578,Shoes,BOSS00802,Belts,,
OUTFIT00928,Business,4,BOSS00258,Blazers,BOSS00163,Shirts,BOSS00597,Shoes,BOSS00836,Belts,,
OUTFIT00929,Business,4,BOSS00230,Blazers,BOSS00191,Shirts,BOSS00613,Shoes,BOSS00807,Belts,,
OUTFIT00930,Casual,3,BOSS00098,T-Shirts,BOSS00451,Jeans,BOSS00326,Pants,,,,
OUTFIT00931,Smart-Casual,3,BOSS00175,Shirts,BOSS00310,Pants,BOSS00639,Shoes,,,,
OUTFIT00932,Formal,4,BOSS00271,Blazers,BOSS00398,Trousers,BOSS00210,Shirts,BOSS00589,Shoes,,
OUTFIT00933,Casual,4,BOSS00014,Hoodies,BOSS00481,Jeans,BOSS00299,Pants,BOSS00584,Shoes,,
OUTFIT00934,Formal,5,BOSS00283,Blazers,BOSS00361,Trousers,BOSS00170,Shirts,BOSS00624,Shoes,BOSS00766,Ties
OUTFIT00935,Business,4,BOSS00408,Trousers,BOSS00167,Shirts,BOSS00638,Shoes,BOSS00858,Belts,,
OUTFIT00936,Smart-Casual,4,BOSS00273,Blazers,BOSS00299,Pants,BOSS00605,Shoes,BOSS00828,Belts,,
OUTFIT00937,Business,5,BOSS00378,Trousers,BOSS00185,Shirts,BOSS00634,Shoes,BOSS00812,Belts,BOSS00785,Ties
OUTFIT00938,Smart-Casual,4,BOSS00268,Blazers,BOSS00289,Pants,BOSS00609,Shoes,BOSS00795,Belts,,
OUTFIT00939,Casual,3,BOSS00070,Hoodies,BOSS00433,Jeans,BOSS00335,Pants,,,,
OUTFIT00940,Smart-Casual,4,BOSS00258,Blazers,BOSS00306,Pants,BOSS00592,Shoes,BOSS00850,Belts,,
OUTFIT00941,Business,5,BOSS00240,Blazers,BOSS00145,Shirts,BOSS00621,Shoes,BOSS00794,Belts,BOSS00782,Ties
OUTFIT00942,Smart-Casual,3,BOSS00195,Shirts,BOSS00331,Pants,BOSS00581,Shoes,,,,
OUTFIT00943,Casual,3,BOSS00061,Hoodies,BOSS00457,Jeans,BOSS00293,Pants,,,,
OUTFIT00944,Casual,4,BOSS00093,T-Shirts,BOSS00479,Jeans,BOSS00355,Pants,BOSS00580,Shoes,,
OUTFIT00945,Casual,4,BOSS00084,T-Shirts,BOSS00465,Jeans,BOSS00294,Pants,BOSS00638,Shoes,,
OUTFIT00946,Smart-Casual,3,BOSS00282,Blazers,BOSS00308,Pants,BOSS00583,Shoes,,,,
OUTFIT00947,Business,5,BOSS00270,Blazers,BOSS00148,Shirts,BOSS00641,Shoes,BOSS00795,Belts,BOSS00767,Ties
OUTFIT00948,Casual,4,BOSS00075,T-Shirts,BOSS00437,Jeans,BOSS00321,Pants,BOSS00592,Shoes,,
OUTFIT00949,Smart-Casual,3,BOSS00261,Blazers,BOSS00311,Pants,BOSS00591,Shoes,,,,
OUTFIT00950,Smart-Casual,3,BOSS00184,Shirts,BOSS00329,Pants,BOSS00643,Shoes,,,,
OUTFIT00951,Casual,3,BOSS00026,Hoodies,BOSS00465,Jeans,BOSS00319,Pants,,,,
OUTFIT00952,Formal,4,BOSS00275,Blazers,BOSS00366,Trousers,BOSS00207,Shirts,BOSS00601,Shoes,,
OUTFIT00953,Formal,4,BOSS00252,Blazers,BOSS00416,Trousers,BOSS00172,Shirts,BOSS00636,Shoes,,
OUTFIT00954,Formal,4,BOSS00259,Blazers,BOSS00389,Trousers,BOSS00207,Shirts,BOSS00622,Shoes,,
OUTFIT00955,Casual,4,BOSS00133,T-Shirts,BOSS00453,Jeans,BOSS00309,Pants,BOSS00637,Shoes,,
OUTFIT00956,Smart-Casual,3,BOSS00165,Shirts,BOSS00357,Pants,BOSS00627,Shoes,,,,
OUTFIT00957,Formal,4,BOSS00283,Blazers,BOSS00430,Trousers,BOSS00173,Shirts,BOSS00621,Shoes,,
OUTFIT00958,Business,5,BOSS00404,Trousers,BOSS00180,Shirts,BOSS00626,Shoes,BOSS00816,Belts,BOSS00750,Ties
OUTFIT00959,Business,5,BOSS00261,Blazers,BOSS00183,Shirts,BOSS00638,Shoes,BOSS00806,Belts,BOSS00717,Ties
OUTFIT00960,Formal,4,BOSS00257,Blazers,BOSS00425,Trousers,BOSS00191,Shirts,BOSS00619,Shoes,,
OUTFIT00961,Business,5,BOSS00271,Blazers,BOSS00161,Shirts,BOSS00620,Shoes,BOSS00796,Belts,BOSS00750,Ties
OUTFIT00962,Smart-Casual,4,BOSS00251,Blazers,BOSS00314,Pants,BOSS00611,Shoes,BOSS00854,Belts,,
OUTFIT00963,Casual,3,BOSS00122,T-Shirts,BOSS00479,Jeans,BOSS00292,Pants,,,,
OUTFIT00964,Business,5,BOSS00287,Blazers,BOSS00169,Shirts,BOSS00585,Shoes,BOSS00848,Belts,BOSS00750,Ties
OUTFIT00965,Casual,3,BOSS00076,T-Shirts,BOSS00466,Jeans,BOSS00307,Pants,,,,
OUTFIT00966,Business,4,BOSS00380,Trousers,BOSS00169,Shirts,BOSS00619,Shoes,BOSS00820,Belts,,
OUTFIT00967,Casual,3,BOSS00038,Hoodies,BOSS00447,Jeans,BOSS00345,Pants,,,,
OUTFIT00968,Smart-Casual,4,BOSS00243,Blazers,BOSS00310,Pants,BOSS00638,Shoes,BOSS00837,Belts,,
OUTFIT00969,Casual,3,BOSS00073,T-Shirts,BOSS00437,Jeans,BOSS00328,Pants,,,,
OUTFIT00970,Smart-Casual,4,BOSS00261,Blazers,BOSS00317,Pants,BOSS00576,Shoes,BOSS00845,Belts,,
OUTFIT00971,Formal,5,BOSS00285,Blazers,BOSS00407,Trousers,BOSS00215,Shirts,BOSS00611,Shoes,BOSS00858,Belts
OUTFIT00972,Formal,5,BOSS00232,Blazers,BOSS00379,Trousers,BOSS00152,Shirts,BOSS00600,Shoes,BOSS00790,Belts
OUTFIT00973,Business,4,BOSS00280,Blazers,BOSS00214,Shirts,BOSS00585,Shoes,BOSS00807,Belts,,
OUTFIT00974,Business,4,BOSS00285,Blazers,BOSS00181,Shirts,BOSS00589,Shoes,BOSS00820,Belts,,
OUTFIT00975,Smart-Casual,4,BOSS00253,Blazers,BOSS00317,Pants,BOSS00586,Shoes,BOSS00850,Belts,,
OUTFIT00976,Smart-Casual,4,BOSS00154,Shirts,BOSS00329,Pants,BOSS00589,Shoes,BOSS00855,Belts,,
OUTFIT00977,Formal,5,BOSS00241,Blazers,BOSS00406,Trousers,BOSS00170,Shirts,BOSS00636,Shoes,BOSS00719,Ties
OUTFIT00978,Formal,5,BOSS00246,Blazers,BOSS00421,Trousers,BOSS00214,Shirts,BOSS00582,Shoes,BOSS00853,Belts
OUTFIT00979,Smart-Casual,4,BOSS00256,Blazers,BOSS00355,Pants,BOSS00617,Shoes,BOSS00790,Belts,,
OUTFIT00980,Business,4,BOSS00237,Blazers,BOSS00215,Shirts,BOSS00601,Shoes,BOSS00848,Belts,,
OUTFIT00981,Formal,4,BOSS00246,Blazers,BOSS00396,Trousers,BOSS00171,Shirts,BOSS00611,Shoes,,
OUTFIT00982,Business,4,BOSS00240,Blazers,BOSS00211,Shirts,BOSS00637,Shoes,BOSS00845,Belts,,
OUTFIT00983,Business,5,BOSS00235,Blazers,BOSS00148,Shirts,BOSS00636,Shoes,BOSS00829,Belts,BOSS00755,Ties
OUTFIT00984,Smart-Casual,4,BOSS00222,Blazers,BOSS00314,Pants,BOSS00643,Shoes,BOSS00839,Belts,,
OUTFIT00985,Business,4,BOSS00244,Blazers,BOSS00215,Shirts,BOSS00583,Shoes,BOSS00848,Belts,,
OUTFIT00986,Casual,4,BOSS00066,Hoodies,BOSS00451,Jeans,BOSS00333,Pants,BOSS00639,Shoes,,
OUTFIT00987,Smart-Casual,4,BOSS00194,Shirts,BOSS00332,Pants,BOSS00577,Shoes,BOSS00856,Belts,,
OUTFIT00988,Business,4,BOSS00418,Trousers,BOSS00155,Shirts,BOSS00592,Shoes,BOSS00836,Belts,,
OUTFIT00989,Formal,4,BOSS00252,Blazers,BOSS00361,Trousers,BOSS00214,Shirts,BOSS00630,Shoes,,
OUTFIT00990,Smart-Casual,3,BOSS00236,Blazers,BOSS00330,Pants,BOSS00604,Shoes,,,,
OUTFIT00991,Formal,4,BOSS00219,Blazers,BOSS00384,Trousers,BOSS00174,Shirts,BOSS00607,Shoes,,
OUTFIT00992,Business,5,BOSS00417,Trousers,BOSS00188,Shirts,BOSS00620,Shoes,BOSS00820,Belts,BOSS00773,Ties
OUTFIT00993,Casual,4,BOSS00096,T-Shirts,BOSS00485,Jeans,BOSS00309,Pants,BOSS00627,Shoes,,
OUTFIT00994,Smart-Casual,4,BOSS00163,Shirts,BOSS00302,Pants,BOSS00588,Shoes,BOSS00796,Belts,,
OUTFIT00995,Business,5,BOSS00229,Blazers,BOSS00168,Shirts,BOSS00589,Shoes,BOSS00835,Belts,BOSS00744,Ties
OUTFIT00996,Casual,3,BOSS00062,Hoodies,BOSS00440,Jeans,BOSS00342,Pants,,,,
OUTFIT00997,Smart-Casual,3,BOSS00286,Blazers,BOSS00336,Pants,BOSS00584,Shoes,,,,
OUTFIT00998,Casual,3,BOSS00098,T-Shirts,BOSS00477,Jeans,BOSS00329,Pants,,,,
OUTFIT00999,Casual,4,BOSS00102,T-Shirts,BOSS00473,Jeans,BOSS00302,Pants,BOSS00609,Shoes,,
